1565838|['online', 'internet', 'web3', '2022', 'html', 'javascript', 'startup', 'google', 'netflix', 'bootcamp']
625204|['cats', 'apps', 'cookies', 'unix', 'flexbox', 'online', 'javascript', 'html5', '2022', 'bootcamp']
3442782|['modern', 'blog', 'completed', 'updated', 'new', 'build', 'latest', 'html5', 'javascript', '2022']
1166306|['informative', 'learning', 'tech', 'web', 'chrome', 'library', 'html', 'tutorials', 'javascript', 'google']
1430746|['facebook', 'bootcamps', 'tesla', 'google', '2023', 'bootcamp', 'instagram', 'netflix', 'startup', 'startups']
1691862|['tech', 'browser', 'developer', 'expert', 'new', 'html5', 'tutorials', 'firefox', 'javascript', '2022']
446134|['coaching', 'tutorials', 'photoshop', 'html5', 'google', 'javascript', 'updating', 'startup', 'kickstart', '2022']
2795746|['favorite', 'training', 'fitness', 'browser', 'html', 'tutorials', 'science', 'startup', 'javascript', 'expert']
3655840|['homework', 'nasa', 'python', 'ninja', 'django', 'javascript', 'google', '2022', 'startups', 'bootcamp']
2782800|['games', 'animations', 'modern', 'libraries', 'app', 'built', 'web', 'html', 'html5', 'javascript']
4015622|['huge', 'facebook', 'html', 'apps', 'rich', 'browser', 'party', 'javascript', 'google', 'bootcamp']
995016|['build', 'popular', 'app', 'browser', 'latest', 'favorite', 'apps', 'google', 'bestselling', 'javascript']
2508942|['prerequisites', 'teaching', 'browsers', 'huge', 'developers', 'browser', 'html', 'expert', 'bestselling', 'javascript']
3633726|['apps', 'slideshows', 'teaching', 'browser', 'java', 'html', 'html5', 'javascipt', 'webmaster', 'javascript']
1776342|['lesson', 'learn', 'boilerplates', 'technologies', 'builds', 'build', 'webpack', 'latest', 'javascript', 'updating']
3127924|['students', 'classes', 'instructors', 'technologies', 'homepage', 'global', '2020', 'facebook', 'google', 'instagram']
2462670|['tools', 'skills', 'prepare', 'development', 'learn', 'guide', 'tips', 'interviews', 'competitive', 'learning']
3442412|['paid', 'employers', 'boss', 'ebay', 'commute', 'salary', 'salaries', 'wealthy', 'costly', 'mediocre']
1362070|['advanced', '2017', 'detailed', 'modern', 'thorough', 'fully', 'updated', 'complete', 'latest', '2021']
3661024|['website', 'html', 'training', 'build', 'instructors', 'professional', 'developer', 'recruiters', 'programmer', 'javascript']
660594|['hours', 'typing', 'lectures', 'website', 'web', 'javascript', 'html', 'online', 'google', 'tutorial']
2027138|['online', 'enormous', 'internet', 'javascript', 'amazon', 'google', 'bootcamps', 'bootcamp', 'netflix', 'html5']
1436332|['programming', 'popular', 'coding', 'websites', 'web', 'tutorials', 'developers', 'browser', 'html', 'javascript']
1353518|['website', 'update', 'old', 'years', 'hiring', 'resumes', 'updated', 'facebook', 'resume', '2019']
3873464|['gt', 'popular', 'build', 'fast', 'excited', 'app', 'nextjs', 'apps', 'bestselling', 'javascript']
426196|['performing', 'useful', 'browser', 'developer', 'library', 'beginner', 'fast', 'happy', 'expert', 'javascript']
833442|['upload', 'html', 'modern', 'improvements', 'popular', 'enthusiasm', 'build', 'expert', 'javascript', 'bestselling']
3914632|['postman', 'install', 'web', 'developer', 'built', 'lectures', 'lecture', 'python', 'bootcamp', 'javascript']
4743940|['scripting', 'facebook', 'designing', 'website', 'instructors', 'educations', 'php', 'web', 'lectures', 'html']
4158836|['empowering', 'nouns', 'software', 'developer', 'exciting', 'github', 'verbs', 'excited', 'binge', 'web']
4470464|['cleanup', 'studio', 'designing', 'learn', 'software', 'install', 'taught', 'developer', 'installing', 'prerequisite']
2578302|['wordpress', 'menu', 'plugins', 'widgets', 'toolbox', 'web', 'website', 'homepage', 'blog', 'websites']
1672410|['new', 'uber', 'skilled', 'huge', 'build', 'rich', 'fast', 'hot', 'bootcamp', 'javascript']
3604434|['apps', 'proven', 'online', 'strong', 'large', 'hundreds', 'congratulations', 'dozens', 'largest', 'popular']
2640372|['upload', 'nodejs', 'technologies', 'hosting', 'build', 'web', 'built', 'popular', 'apps', 'bestselling']
1329100|['developers', 'app', 'twitter', 'installable', 'html', 'homescreens', 'browser', 'google', 'apps', 'javascript']
3527580|['microsoft', 'sqlite', 'startup', 'instagram', 'snake', 'burger', 'google', 'bootcamps', 'bootcamp', 'python']
3490000|['development', 'worked', 'important', 'detailed', 'simplify', 'thorough', 'winner', 'discovery', 'strong', 'bestselling']
1879018|['love', 'prerequisites', 'javascript', 'comprehensive', 'advanced', 'upload', 'high', 'strong', 'latest', 'popular']
2272508|['web', 'rich', 'developer', 'websocket', 'html', 'blog', 'websockets', 'weblog', 'javascript', 'tutorials']
4336780|['updating', 'nodejs', 'websites', 'graphql', 'apps', 'web', 'stackoverflow', 'browser', 'html', 'javascript']
4336812|['hypertext', 'browser', 'java', 'xml', 'nodejs', 'webmaster', 'html', 'html5', 'stackoverflow', 'javascript']
3116362|['programmers', 'websites', 'updating', 'website', 'google', 'webpage', 'html', 'browser', 'html5', 'javascript']
1010586|['website', 'professor', 'hiring', '2019', 'wordpress', 'php', 'tutorials', 'html', 'blog', 'javascript']
2014178|['software', 'website', 'web', 'programmers', 'scripting', 'websites', 'programmer', 'webpage', 'browser', 'javascript']
3616978|['facebook', 'javascript', 'python', 'spacex', 'tesla', '2023', 'startup', 'google', 'bootcamp', 'startups']
4844324|['instructors', 'global', '300k', 'developers', 'youtube', 'ngmodel', 'apps', 'microsoft', 'tutorialseu', 'google']
4253820|['web', 'lectures', 'videos', 'javascript', 'website', 'html', 'classes', 'online', 'instructors', 'updating']
4341426|['browsers', 'browser', 'nodejs', 'apps', 'bootcamp', 'webmaster', 'html', 'html5', 'stackoverflow', 'javascript']
4281352|['tools', 'learning', 'stylesheet', 'teach', 'server', 'javascript', 'debugging', 'students', 'teaching', 'tea']
4336818|['strong', 'react', 'js', 'stack', 'development', 'mongodb', 'nodejs', 'web', 'mobile', 'app']
3791660|['hosting', 'newsletter', 'netlify', 'developers', 'app', 'server', 'javascript', 'email', 'serverless', 'google']
3830262|['technologies', 'email', 'nodejs', 'tutorial', 'v8', 'chrome', '2009', 'apps', 'browser', 'javascript']
1265410|['cookies', 'app', 'server', 'strong', 'http', 'headers', 'complex', 'quickly', 'excited', 'uploads']
692188|['bulletproof', 'modern', 'november', 'science', 'new', 'programmer', 'django', 'latest', 'python', '2022']
822444|['web', 'website', 'online', 'html', 'html5', 'entrepreneurial', 'bootcamp', 'python', 'django', 'javascript']
693700|['hours', '300', 'updating', 'thousands', 'latest', 'salesforce', 'revamp', 'hundreds', '2016', 'decade']
1439744|['chatroom', 'useeffect', 'web', 'teaching', 'developers', 'fortune', 'websites', 'tedious', 'library', 'tutorials']
4275882|['students', 'debugging', 'html', 'server', 'javascript', 'website', 'websites', 'html5', 'teaching', 'tea']
3527928|['build', 'math', 'apps', 'masterclass', 'browser', 'runtime', 'html', 'javascript', '2021']
1120038|['workflow', 'workflows', 'new', 'customizable', 'latest', 'updated', 'daily', 'forecast', '2020', 'june']
1549650|['strong', 'hackers', 'webpages', 'website', 'proofreading', 'internet', 'websites', 'web', 'html', 'javascript']
1418388|['skills', 'efficient', 'learning', 'website', 'web', 'websites', 'html', 'html5', 'workflow', 'javascript']
4053812|['amazon', 'graduates', 'tutorials', 'online', 'ibm', 'tesla', 'facebook', 'google', 'netflix', '2023']
2225984|['product', 'page', 'project', 'learn', 'modern', 'design', 'bootstrap', 'ecommerce', 'website', 'html']
3540200|['technologies', 'student', 'beginner', 'firestore', 'apps', 'blog', 'build', 'new', 'google', 'tutorial']
714534|['corporation', 'teach', 'developer', 'teacher', 'web', 'online', 'html', 'html5', 'entrepreneur', 'entrepreneurs']
2743630|['worldwide', 'teaching', 'tutorials', 'apps', 'tremendous', 'excel', 'unlocking', '2021', 'huge', 'microsoft']
3959106|['web', 'encrypt', 'learn', 'lectures', 'bank', 'database', 'tests', 'coding', 'programming', 'build']
2689414|['student', 'developer', 'mondays', 'flexbox', 'build', 'html', 'google', 'javascript', 'html5', '2020']
3705604|['python', 'website', 'django', 'php', 'websites', 'web', 'apps', 'javascript', 'photoshop', 'html5']
4304531|['google', 'rockstar', 'alumni', 'tutorials', 'freelancers', 'competition', 'facebook', 'competitive', 'millionaire', 'bootcamp']
2023728|['step24', 'step22', 'modern', 'step33', 'step01', 'step26', 'java', 'step21', 'spring', 'javascript']
461160|['hard', 'robust', 'developers', 'apps', 'highest', 'high', 'science', 'strong', 'biggest', 'javascript']
1587422|['google', 'lessons', 'browser', 'apps', 'prerequisites', 'learning', 'updating', 'prerequisite', 'training', 'javascript']
4423122|['modular', 'web', 'modern', 'internet', 'efficient', 'easily', 'browsers', 'webpack', 'browser', 'javascript']
2053219|['typed', 'robustness', 'recipes', 'technologies', 'typescript', 'popularity', 'websockets', 'boosts', 'developers', 'javascript']
2617278|['programming', 'mongodb', 'coding', 'build', 'app', 'wordpress', 'learning', 'plugins', 'apps', 'javascript']
4537662|['fullstack', 'xml', 'plugins', 'web', 'xhtml', 'apps', 'html', 'html5', 'javascipt', 'javascript']
519442|['9500', 'basecamp', 'january', 'latest', 'amazon', 'boston', 'javascript', 'startup', '2020', 'startups']
4695284|['curriculum', 'openapi', 'class', 'excited', 'build', 'developer', 'beans', 'spring', 'java', 'bootcamp']
1902720|['development', 'coding', 'scratch', 'build', 'bootstrap', 'mongodb', 'server', 'web', 'javascript', 'html']
4816308|['build', 'restaurant', 'youtube', 'website', 'webpages', 'facebook', 'html', 'html5', 'browser', 'javascript']
2668274|['sql', 'webhooks', 'paypal', 'web', 'google', 'checkout', 'website', 'startups', 'ecommerce', 'online']
2360122|['welcome', 'configure', 'server', 'install', 'python', 'software', 'macos', 'linux', 'userparameters', 'javascript']
3028312|['aws', 'eks', 'kubernetes', 'nbsp', 'course', 'overview', 'welcome', 'strong', 'amazing', 'masterclass']
4527016|['admin', 'authentication', 'actors', 'mailtrap', 'movies', 'library', 'email', 'password', 'imdb', 'linux']
793378|['designer', 'lectures', 'professional', 'developers', 'new', 'march', 'daily', 'hired', '2019', 'hiring']
806922|['happy', 'javascript', 'passionate', 'science', 'successful', 'powerful', 'youtube', 'popularity', 'popular', 'microsoft']
4336792|['fullstack', 'nodejs', 'apps', 'websites', 'browser', 'web', 'graphql', 'stackoverflow', 'javascript', 'html']
3792332|['pagination', 'library', 'global', 'web', 'customizing', 'checkout', 'paypal', 'shopping', 'ecommerce', 'django']
674608|['developer', 'websites', 'ceo', 'website', 'html', 'javascript', 'html5', 'tutorials', 'masterclass']
4006728|['ready', 'development', 'app', 'strong', 'popular', 'fast', 'apps', 'built', 'build', 'powerful']
4379900|['lecture', 'designing', 'developers', 'learning', 'websites', 'webpage', 'website', 'programmer', 'html', 'html5']
3655024|['website', 'build', 'library', 'companies', 'debug', 'built', 'software', 'apps', 'developer', 'javascript']
3369856|['website', '100', 'hired', 'developer', 'build', 'tutorial', 'python', 'tutorials', 'google', 'django']
4505104|['website', 'websites', 'web', 'new', 'modern', 'tutorials', 'latest', 'html', 'javascript', '2022']
1172526|['developers', 'ethereum', 'online', 'tutorials', 'labs', 'latest', 'october', 'bootcamps', 'bootcamp', '2022']
2731620|['plugins', 'wordpress', 'menu', 'desktop', 'widgets', 'toolbox', 'web', 'website', 'homepage', 'websites']
758582|['online', 'class', 'popular', 'students', 'facebook', 'new', 'php', 'big', 'updating', 'thousands']
625204|['cats', 'apps', 'cookies', 'unix', 'flexbox', 'online', 'javascript', 'html5', '2022', 'bootcamp']
1565838|['online', 'internet', 'web3', '2022', 'html', 'javascript', 'startup', 'google', 'netflix', 'bootcamp']
2034070|['teach', 'notebooks', 'databases', 'scripts', 'developers', 'web', 'server', 'servers', 'website', 'python']
2776760|['startup', 'sqlite', 'lego', 'snake', 'pandas', '2022', 'netflix', 'google', 'bootcamp', 'python']
2053219|['typed', 'robustness', 'recipes', 'technologies', 'typescript', 'popularity', 'websockets', 'boosts', 'developers', 'javascript']
3959106|['web', 'encrypt', 'learn', 'lectures', 'bank', 'database', 'tests', 'coding', 'programming', 'build']
4174580|['reusable', 'confidence', 'congratulations', 'typescript', 'mastering', 'built', 'build', 'authentication', 'app', 'apps']
1430746|['facebook', 'bootcamps', 'tesla', 'google', '2023', 'bootcamp', 'instagram', 'netflix', 'startup', 'startups']
833442|['upload', 'html', 'modern', 'improvements', 'popular', 'enthusiasm', 'build', 'expert', 'javascript', 'bestselling']
4015622|['huge', 'facebook', 'html', 'apps', 'rich', 'browser', 'party', 'javascript', 'google', 'bootcamp']
648448|['web', 'ecommerce', 'automation', 'tools', 'php', 'software', 'sql', 'plugins', 'webdriver', 'python']
1414266|['online', 'build', 'apps', 'engineer', 'google', 'skyrocket', 'facebook', 'tutorials', 'microsoft', 'javascript']
3616978|['facebook', 'javascript', 'python', 'spacex', 'tesla', '2023', 'startup', 'google', 'bootcamp', 'startups']
2625826|['facebook', 'instagram', 'spotify', 'developers', 'django', 'google', 'netflix', 'python', 'bootcamp', '2022']
1672410|['new', 'uber', 'skilled', 'huge', 'build', 'rich', 'fast', 'hot', 'bootcamp', 'javascript']
4704074|['rich', 'quickly', 'deploy', 'easily', 'developers', 'app', 'workflows', 'accelerate', 'fast', 'apps']
692188|['bulletproof', 'modern', 'november', 'science', 'new', 'programmer', 'django', 'latest', 'python', '2022']
1362070|['advanced', '2017', 'detailed', 'modern', 'thorough', 'fully', 'updated', 'complete', 'latest', '2021']
2640372|['upload', 'nodejs', 'technologies', 'hosting', 'build', 'web', 'built', 'popular', 'apps', 'bestselling']
822444|['web', 'website', 'online', 'html', 'html5', 'entrepreneurial', 'bootcamp', 'python', 'django', 'javascript']
995016|['build', 'popular', 'app', 'browser', 'latest', 'favorite', 'apps', 'google', 'bestselling', 'javascript']
1778502|['youtube', 'apple', 'macos', 'apps', 'ipad', 'ios', 'pokemon', 'ipados', 'bootcamp', 'iphone']
3873464|['gt', 'popular', 'build', 'fast', 'excited', 'app', 'nextjs', 'apps', 'bestselling', 'javascript']
2875854|['engineering', 'developer', 'benefits', 'strong', 'app', 'flexbox', 'ios', 'popularity', 'android', 'apps']
2580082|['libraries', 'designing', 'validation', 'middleware', 'strong', 'authentication', 'library', 'nestjs', 'built', 'java']
3655840|['homework', 'nasa', 'python', 'ninja', 'django', 'javascript', 'google', '2022', 'startups', 'bootcamp']
3914632|['postman', 'install', 'web', 'developer', 'built', 'lectures', 'lecture', 'python', 'bootcamp', 'javascript']
1436332|['programming', 'popular', 'coding', 'websites', 'web', 'tutorials', 'developers', 'browser', 'html', 'javascript']
3472870|['fast', 'spaghetti', 'powerful', 'maximum', 'latest', 'extensive', 'huge', 'expert', 'favorite', '2022']
1436092|['apps', 'ios', 'skype', 'latest', 'android', 'instagram', 'google', 'javascript', 'april', '2022']
756150|['efficient', 'tutorial', 'whitehouse', 'teaching', 'complete', 'tutorials', 'enthusiastic', 'successful', 'superset', 'bestselling']
4743940|['scripting', 'facebook', 'designing', 'website', 'instructors', 'educations', 'php', 'web', 'lectures', 'html']
1329100|['developers', 'app', 'twitter', 'installable', 'html', 'homescreens', 'browser', 'google', 'apps', 'javascript']
2997692|['2020', 'demand', 'hottest', 'revolutionizes', 'pain', 'popular', 'valuable', 'millions', 'rich', 'terrified']
3490000|['development', 'worked', 'important', 'detailed', 'simplify', 'thorough', 'winner', 'discovery', 'strong', 'bestselling']
4270872|['open', 'complete', 'advanced', 'modern', 'confident', 'professional', 'strong', 'easily', 'fastapi', 'fastest']
354176|['canada', 'skype', 'teamviewer', 'latest', 'log4j', 'november', 'resume', 'lectures', 'lecture', 'teaching']
3792332|['pagination', 'library', 'global', 'web', 'customizing', 'checkout', 'paypal', 'shopping', 'ecommerce', 'django']
3878988|['sqlite', 'library', 'pandas', 'html5', 'science', 'spiders', 'scikit', 'django', 'python', 'bootcamp']
2789798|['teaching', 'juniors', 'paypal', 'instructor', 'html', 'javascript', 'website', 'ecommerce', 'tutoring', 'amazon']
2668274|['sql', 'webhooks', 'paypal', 'web', 'google', 'checkout', 'website', 'startups', 'ecommerce', 'online']
3826340|['server', 'teach', 'web', 'password', 'beanstalk', 'python', 'teaching', 'website', 'ecommerce', 'django']
2151486|['lecture', 'testrail', 'teach', 'lessons', 'instructor', 'practicing', 'training', 'teacher', 'tutorials', 'masterclass']
3655024|['website', 'build', 'library', 'companies', 'debug', 'built', 'software', 'apps', 'developer', 'javascript']
3323926|['migrations', 'refactoring', 'deploy', 'js', 'node', 'serving', 'json', 'add', 'bring', 'nbsp']
2615772|['deploy', 'great', 'open', 'google', 'neo4j', 'efficiently', 'java', 'strong', 'fast', 'fun']
2691654|['teach', 'ceo', 'instructors', 'tutor', 'teacher', 'startup', 'startups', 'exam', 'teaching', 'homework']
4292014|['bootstrap', 'teach', 'developer', 'website', 'troubleshooting', 'html', 'technologies', 'build', 'browser', 'python']
2429494|['mysql_injection', 'crud_operations_php', 'object_oriented_programming_php', 'learn_mysql_injection', 'learn_php', 'php_mysqli_sign_up', 'php_web_development', 'php_login_system', 'php_mysql_login', 'learn_to_code_with_php']
3986850|['devspace', 'learning', 'cookies', 'web', 'getstaticpaths', 'getstaticprops', 'getserversideprops', 'websites', 'blog', 'javascript']
1708340|['app', 'macos', 'apple', 'java', 'bestselling', 'ios', 'apps', 'android', 'google', 'appstore']
4336812|['hypertext', 'browser', 'java', 'xml', 'nodejs', 'webmaster', 'html', 'html5', 'stackoverflow', 'javascript']
3684002|['sabotage', 'software', 'students', 'beginner', 'teaching', 'beginners', 'bot', 'science', 'password', 'python']
4336780|['updating', 'nodejs', 'websites', 'graphql', 'apps', 'web', 'stackoverflow', 'browser', 'html', 'javascript']
1010586|['website', 'professor', 'hiring', '2019', 'wordpress', 'php', 'tutorials', 'html', 'blog', 'javascript']
2257204|['industry', 'logging', 'postsharp', 'development', 'learn', 'performance', 'professional', 'software', 'architecture', 'teach']
3574151|['host', 'booking', 'marketplace', 'customers', 'buyer', 'customer', 'commerce', 'app', 'online', 'ebay']
4264312|['submitting', 'postman', 'interview', 'testing', 'implementing', 'learn', 'install', 'parsing', 'installing', 'learning']
2617278|['programming', 'mongodb', 'coding', 'build', 'app', 'wordpress', 'learning', 'plugins', 'apps', 'javascript']
4488504|['web', 'online', 'webpage', 'internet', 'masterclass', 'html', 'apps', '2022', 'django']
4341426|['browsers', 'browser', 'nodejs', 'apps', 'bootcamp', 'webmaster', 'html', 'html5', 'stackoverflow', 'javascript']
4158836|['empowering', 'nouns', 'software', 'developer', 'exciting', 'github', 'verbs', 'excited', 'binge', 'web']
4615892|['download', 'cookies', 'html', 'emails', 'updating', 'email', 'login', 'password', '2022', 'facebook']
2795746|['favorite', 'training', 'fitness', 'browser', 'html', 'tutorials', 'science', 'startup', 'javascript', 'expert']
4039556|['computing', 'automating', 'server', 'vprofile', 'networking', 'technologies', 'tools', 'scripting', 'architecting', 'demonstrations']
2485240|['kaleidoscope', 'graphs', 'databases', 'pandas', 'lectures', 'science', 'dictionary', 'caterpillar', 'robot', 'python']
3527928|['build', 'math', 'apps', 'masterclass', 'browser', 'runtime', 'html', 'javascript', '2021']
3232237|['tools', 'developers', 'scipy', 'excel', 'libraries', 'matplotlib', 'pandas', 'science', 'scikit', 'python']
3153392|['app', 'flexbox', 'tools', 'web', 'paypal', 'website', 'amazon', 'html5', 'ecommerce', 'javascript']
4336818|['strong', 'react', 'js', 'stack', 'development', 'mongodb', 'nodejs', 'web', 'mobile', 'app']
4073152|['expert', 'google', 'engineer', 'mentored', 'algorithms', 'instructor', 'teaching', 'programmers', 'instructors', 'programmer']
2750830|['apps', 'hot', 'developer', 'build', '100', 'developers', 'latest', 'javascript', 'usa', 'bootcamp']
1070124|['exciting', 'html', 'browser', 'app', 'ios', 'bestselling', 'apps', 'google', 'android', 'javascript']
1439744|['chatroom', 'useeffect', 'web', 'teaching', 'developers', 'fortune', 'websites', 'tedious', 'library', 'tutorials']
3605448|['middleware', 'experience', 'upload', 'authentication', 'server', 'technologies', 'web', 'passwords', 'enrolling', 'learning']
4862900|['standard', 'learn', 'open', 'saving', 'perfect', 'rest', 'browser', 'licensed', 'javascript', 'free']
4631082|['html', 'helpful', 'developers', 'customizing', 'workspace', 'tutorial', 'expert', 'javascript', 'django', 'python']
1120038|['workflow', 'workflows', 'new', 'customizable', 'latest', 'updated', 'daily', 'forecast', '2020', 'june']
1793828|['learn', 'dockerizing', 'google', 'apps', 'web', 'lectures', 'workflows', 'learning', 'workflow', 'javascript']
2014178|['software', 'website', 'web', 'programmers', 'scripting', 'websites', 'programmer', 'webpage', 'browser', 'javascript']
1673770|['creators', 'powerful', 'latest', 'brand', 'complete', 'install', 'designing', 'library', 'github', 'built']
1922984|['beneficial', 'development', 'important', 'instructor', 'necessary', 'class', 'strong', 'microsoft', 'recruiter', 'highscore']
3941068|['cookies', 'authentication', 'lecture', 'configuring', 'app', 'web', 'learning', 'website', 'blog', 'javascript']
3800660|['class', 'website', 'dictionary', 'classes', 'html', 'pandas', 'bootstrap4', 'sql', 'math', 'python']
2685124|['build', '10x', 'developers', 'browser', 'supercharging', 'decade', 'apps', 'javascript', 'startup', 'google']
4527016|['admin', 'authentication', 'actors', 'mailtrap', 'movies', 'library', 'email', 'password', 'imdb', 'linux']
4305367|['github', 'implemented', 'resume', 'downloadable', 'testimonial', 'teach', 'email', 'instructor', 'web', 'website']
3773318|['comprehensive', 'exam', 'exams', 'new', 'updated', 'docs', 'certification', 'upcoming', 'certified', 'latest']
3330326|['websites', 'web', 'expert', 'apps', 'html', 'teaching', 'sqlite', 'sqlalchemy', 'django', 'python']
4107158|['tagging', 'documents', 'opencv', 'computer', 'configuring', 'libraries', 'learning', 'scanner', 'training', 'python']
2743630|['worldwide', 'teaching', 'tutorials', 'apps', 'tremendous', 'excel', 'unlocking', '2021', 'huge', 'microsoft']
3546864|['login', 'invoice', 'ecommerce', 'server', 'authentication', 'app', 'fullstack', 'apps', 'web', 'nodejs']
2293579|['lecture', 'mongodb', 'lunch', 'cloudflare', 'checkout', 'web', 'app', 'paypal', 'supercharge', 'ecommerce']
4496984|['build', 'built', 'enrolling', 'postman', 'app', 'web', 'workflow', 'apps', 'login', 'javascript']
2433444|['java', 'netflix', 'facebook', 'python', 'programmer', 'tutorials', 'apps', 'instagram', 'javascript', 'kickstarter']
3887432|['online', 'refresh', 'password', 'app', 'teach', 'learning', 'resume', 'apps', 'nodemailer', 'javascript']
4473162|['notebooks', 'gpu', 'digitalocean', 'built', 'build', 'postman', 'sagemaker', 'learning', 'matplotlib', 'training']
4304531|['google', 'rockstar', 'alumni', 'tutorials', 'freelancers', 'competition', 'facebook', 'competitive', 'millionaire', 'bootcamp']
3678044|['authentication', 'programming', 'database', 'shopping', 'commerce', 'build', 'checkout', 'website', 'technologies', 'web']
2938000|['competition', 'crush', 'competitors', 'onpage', 'download', 'outsmart', 'websites', 'website', 'blog', 'google']
1754098|['universities', 'difficult', 'necessary', 'essential', 'powerful', 'science', 'expensive', 'expert', 'scientist', 'scientists']
2769460|['science', 'online', 'scikit', 'bootcamps', 'facebook', 'amazon', 'internet', 'scientists', 'google', 'python']
2511476|['amazon', 'python', 'scientist', 'youtube', 'ibm', 'tesla', 'bootcamp', '2023', 'google', 'startups']
2776760|['startup', 'sqlite', 'lego', 'snake', 'pandas', '2022', 'netflix', 'google', 'bootcamp', 'python']
4849126|['taught', 'theorem', 'learning', 'online', 'combinatorics', 'class', 'science', 'mathematical', 'math', 'mathematics']
903744|['excel', 'sql', 'scikit', 'pandas', 'algorithms', 'rewarding', 'bootcamps', 'science', 'scientist', 'python']
950390|['learn', 'catboost', 'june', 'professional', 'learning', 'python', 'science', 'algorithms', 'tutorial', 'scientists']
1478886|['extensive', 'rich', 'calculus', 'einstein', 'hottest', 'mathematics', 'huge', 'powerful', 'science', 'scientists']
513244|['firsthand', 'classes', 'class', 'training', 'corrupt', 'pain', 'homework', 'daily', 'scientist', 'science']
913448|['learning', 'overwhelmed', 'packed', 'training', 'lectures', 'violin', 'class', 'homework', 'tutorial', 'python']
821726|['sql', 'salary', 'ggplot2', 'mining', 'excel', 'rewarding', 'science', '100', 'scientist', 'bootcamps']
3114550|['scientific', 'bootcamp', 'mathematics', 'scientist', 'tutorials', 'django', 'scientists', 'javascript', 'science', 'python']
4565344|['netapp', 'academic', 'microsoft', 'bootcamp', 'scientific', 'july', 'scientist', 'science', 'scientists', '2022']
1423870|['engineering', 'best', 'facebook', 'america', 'python', 'amazon', 'google', 'microsoft', 'scientist', 'scientists']
3519920|[]
1406344|['science', 'online', 'november', 'amazon', '2018', 'tesla', 'google', 'facebook', 'semester', 'bootcamps']
3914646|['algorithms', 'coffee', 'revolutionizing', 'scientific', 'google', 'instagram', 'science', 'startup', 'startups', 'scientists']
4538648|['sqlite', 'mathematics', 'ibm', 'sqlite3', 'scientist', 'python', 'science', 'microsoft', 'chatbot', 'scientists']
1298780|['analyst', 'quantitative', 'lectures', 'training', 'intelligence', 'scientist', 'scientific', 'science', 'teaching', 'mathematician']
2014820|['pandas', 'bootcamp', '2019', 'math', '2020', 'pythonic', 'python', '2021', '2023', '2022']
765242|['new', 'lectures', 'live', 'homework', 'training', 'learning', 'packed', 'class', 'overwhelmed', 'tutorial']
1258298|['matplotlib', 'instructors', 'arithmetic', 'pandas', 'html', 'phd', 'statsmodels', 'science', 'bootcamp', 'python']
3582994|['electrification', 'google', 'scientists', 'century', '1827', 'science', '1821', 'classical', 'decades', '2020s']
1318112|['scikit', 'scientist', 'science', 'tutorials', 'startup', 'scientists', 'google', 'netflix', 'bootcamp', 'python']
1856076|['soapbox', '100k', 'racing', 'science', 'scikit', 'microsoft', 'scientists', 'pandas', 'python', 'bootcamp']
3334910|[]
3500298|['america', 'sql', 'cnns', 'big', 'university', 'lucrative', 'science', 'scientist', 'phd', 'cancer']
1011712|['class', 'roadmap', 'prerequisite', 'lecture', 'experts', 'advertising', 'marketing', 'physicist', 'scientist', 'newsfeeds']
4580634|['teaching', 'instructors', 'web', 'science', 'websites', 'classes', 'teachers', 'online', 'programmer', 'python']
3759560|['teaching', 'learning', 'nice', 'concatenating', 'strong', 'hottest', 'fun', 'thankyou', 'satisfaction', 'helpful']
4548848|['workplace', 'philosophy', 'teaches', 'science', 'mathematical', 'engineering', 'web', 'research', 'software', 'online']
1673166|['tests', 'statistics', 'studies', 'online', 'theorem', 'business', 'learning', 'linkedin', 'quizzes', 'science']
4569288|['evolution', 'mastering', 'covid', 'tv', 'everyday', 'boom', 'informative', 'regularly', 'discovery', 'twitter']
1151632|['stanford', 'huge', 'pandas', 'intel', 'ibm', 'uber', 'google', 'nvidia', 'netflix', 'kickstarter']
4224444|['investment', 'financial', 'stocks', 'science', 'investor', 'math', 'finance', 'mathematical', 'investing', 'python']
4511768|['python', 'passionate', 'resounding', 'algorithms', 'experts', 'scientist', 'excel', 'excited', 'science', 'scientists']
1001410|['modern', 'talent', 'modeling', 'learning', 'hiring', 'exciting', 'talented', 'scientist', 'science', 'scientists']
3399936|['holistic', 'job', 'executives', 'tech', 'prototyping', 'technological', 'manager', 'learning', 'science', 'instructor']
3077084|['engineers', 'google', 'algorithms', 'training', 'scientist', 'science', 'mathematical', 'scientists', 'mathematics', 'python']
3144722|['learning', 'training', 'teaches', 'hired', 'teach', 'online', 'consultant', 'scientist', 'google', 'scientists']
3232237|['tools', 'developers', 'scipy', 'excel', 'libraries', 'matplotlib', 'pandas', 'science', 'scikit', 'python']
4539666|['webpages', 'google', 'django', 'mathematics', 'ibm', 'scientist', 'python', 'science', 'microsoft', 'scientists']
2079358|['python', 'science', 'olympic', 'university', 'graduate', 'universities', 'cambridge', 'oxford', 'nobel', 'phd']
2182258|['probability', 'skill', 'science', 'fundamental', 'successful', 'business', 'strong', 'important', 'intelligence', 'probabilistic']
1994140|['testing', 'worked', 'exercises', 'practice', 'expert', 'learning', 'tools', 'science', 'practicing', 'python']
4313742|['einstein', 'library', 'teaching', 'algorithms', 'technologies', 'calculus', 'scientific', 'mathematics', 'science', 'scientist']
4231900|['algorithms', 'skills', 'faster', 'models', 'necessary', 'efficient', 'deadliest', 'strong', 'science', 'scientists']
4465574|['engineering', 'geopolitics', 'workplace', 'economics', 'mathematical', 'matlab', 'science', 'online', 'tutorial', 'python']
937678|['interactive', 'learning', 'trends', 'competition', 'forecasts', 'scientist', 'scientific', 'tableau', 'updated', '2022']
4885940|['sqlite', 'sqlite3', 'microsoft', 'science', 'scientist', 'python', 'django', 'chatbot', 'algorithms', 'mathematics']
2406316|['graduated', 'engineer', 'graduate', 'math', 'online', 'python', 'intel', 'science', 'physics', 'scientist']
4095378|['university', 'tools', 'teach', 'learning', 'manuals', 'science', 'professional', 'microsoft', 'tutorials', 'professor']
4408810|['mathematics', 'bootcamp', 'scientist', 'google', 'science', 'scientists', 'django', 'javascript', 'mathematicians', 'python']
4916164|['research', 'notebook', 'scripts', 'avalanche', 'lab', 'matplotlib', 'pandas', 'science', 'andtechniques', 'python']
1175200|['analyst', 'theorem', 'statistics', 'business', 'stats', 'essential', 'learning', 'daunting', 'hard', 'scientist']
4005600|['research', 'modern', 'jump', 'coding', 'exciting', 'huge', 'build', 'algorithms', 'learning', 'science']
2932654|['analytics', 'pandas', 'simulations', 'modeling', 'learning', 'facebook', 'science', 'scikit', 'lecture', 'python']
659368|['neural', 'library', 'physicist', 'algorithms', 'mathematical', 'programmer', 'scientific', 'science', 'calculus', 'python']
1245422|['practicing', 'refresher', 'database', 'lectures', 'internet', 'wizard', 'november', 'science', 'sql', '2021']
3047350|['programming', 'mastering', 'helpful', 'informative', 'theoretical', 'teach', 'scientist', 'science', 'tutorial', 'python']
1413580|['html', 'lectures', 'university', 'facebook', 'competitive', 'graduate', 'science', 'expert', 'phd', 'scientist']
3798394|['knowledge', 'matplotlib', 'relplot', 'visualization', 'help', 'plotted', 'library', 'violin', 'customization', 'graphs']
4725264|['popular', 'university', 'daily', 'overfitting', 'python', 'bootcamps', 'science', 'huge', 'scientist', 'scientists']
1562640|['love', 'strong', 'theoretical', 'programmer', 'powerful', 'professional', 'science', 'hottest', '2022', 'scientist']
4097952|['spreadsheets', 'mathematical', 'internet', 'science', 'financial', 'investment', 'stocks', 'investor', 'finance', 'investing']
1320528|['calculations', 'statistics', 'programming', 'workplace', 'manual', 'pedagogic', 'instructor', 'teach', 'teacher', 'programmer']
3002664|['advanced', 'scientists', 'entrepreneurs', 'expert', 'impactful', 'talented', 'strong', 'increasing', '2020', 'huge']
3127148|['lab', 'bootcamp', 'scientist', 'mathematics', 'pandas', 'science', 'scientists', 'javascript', 'django', 'python']
4889834|['sqlite', 'python', 'ibm', 'sqlite3', 'mathematics', 'scientist', 'microsoft', 'chatbot', 'science', 'scientists']
4866654|['teach', 'libraries', 'students', 'quizzes', 'science', 'classroom', 'scientist', 'homework', 'academics', 'python']
1088256|['class', 'training', 'workspaceconfigure', 'science', 'labs', 'exam', 'scientist', 'tutorial', 'microsoft', 'scientists']
2713050|['welcome', 'programming', 'matplotlib', 'comprehensive', 'pandas', 'library', 'build', 'scientist', 'science', 'python']
3322248|[]
4837352|['netapp', 'python', 'mentors', 'faculty', 'microsoft', 'scientist', 'academic', 'instructors', 'internships', 'bootcamp']
4060614|['data', 'br', 'amp', 'machine', 'complete', 'hello', 'learning', 'welcome', 'science', 'python']
4772372|['research', 'engineering', 'academia', 'mathematical', 'workplace', 'doctor', 'science', 'encyclopedia', 'online', 'python']
4889472|['internet', 'webpages', 'intel', 'django', 'google', 'ibm', 'science', 'microsoft', 'python', 'scientist']
4063338|['powerful', 'fast', 'promising', 'pandas', 'huge', 'rewarding', 'bootcamp', 'science', '2022', 'python']
2844416|['avalanche', 'expert', 'mphil', 'oxford', 'scientist', 'phd', 'instructors', 'science', 'algorithms', 'python']
2016690|['successful', 'science', 'scientist', 'powerful', 'scikit', 'library', 'hottest', 'pandas', 'microsoft', 'python']
3120152|['industries', 'statisticians', 'insights', 'mining', 'analytics', 'learning', 'oil', 'competition', 'modeling', 'science']
4366618|['pandas', 'library', 'algorithms', 'science', 'scikit', 'scientist', 'scientists', 'tutorials', 'bootcamp', 'python']
3369858|['hunting', 'successful', 'science', 'youtubers', 'scientist', 'valuable', 'popular', 'scientists', 'competitive', 'competing']
3827010|['unprecedented', 'popular', 'developer', 'big', 'web', 'analytics', 'python', 'trends', 'science', '1990s']
753140|['lectures', 'algorithm', 'internet', 'toolkit', 'physicist', 'algorithms', 'library', 'science', 'math', 'python']
2302640|['facebook', 'cnns', 'python', 'google', 'science', 'ecommerce', 'microsoft', 'scientist', 'harvard', 'scientists']
2468390|['researchers', 'teaching', 'javascript', 'mathematics', 'scientific', 'scientist', 'python', 'scientists', 'mathematicians', 'science']
2871148|['engineering', '2021', 'ieee', 'universities', 'java', 'science', 'scientist', 'ibm', 'scientists', 'python']
3519986|['learn', 'hello', 'learning', 'welcome', 'automation', 'programming', 'pandas', 'django', 'science', 'python']
3907012|['models', 'aspiring', 'prospects', 'practitioner', 'students', 'healthcare', 'job', 'tech', 'science', 'scientist']
3669784|['tables', 'tests', 'matplotlib', 'teach', 'learnings', 'calculations', 'calculator', 'manual', 'programmer', 'python']
1945486|['apple', 'science', 'titanic', '2019', 'nasa', 'google', 'scientist', 'microsoft', 'masterclass', 'startups']
3433396|['skilled', 'learning', 'matplotlib', 'pandas', 'algorithms', 'library', 'scikit', 'science', 'python', 'scientists']
4329636|['webpages', 'django', 'python', 'ibm', 'scientist', 'microsoft', 'algorithms', 'science', 'mathematics', 'scientists']
4135424|['supervised', 'learn', 'curriculum', 'healthcare', 'tools', 'science', 'algorithm', 'learning', 'training', 'algorithms']
556954|['library', 'popular', 'hacker', 'algorithms', 'physicist', 'programmer', 'science', 'python', 'mathematical', 'calculus']
4682726|['algorithms', 'programmer', 'scientific', 'scientist', 'mathematics', 'scikit', 'science', 'scientists', 'javascript', 'python']
3622250|['build', 'aliens', 'teacher', 'html', 'scientist', 'django', 'science', 'programmer', 'masterclass', 'python']
4256968|['beginners', 'statistical', 'analytics', 'strong', 'exotic', 'theorem', 'elaborate', 'intimidating', 'science', 'rewarding']
4360142|['software', 'engineers', 'developers', 'learning', 'engineering', 'harvard', 'python', 'science', 'scientists', 'scientist']
1565838|['online', 'internet', 'web3', '2022', 'html', 'javascript', 'startup', 'google', 'netflix', 'bootcamp']
3655840|['homework', 'nasa', 'python', 'ninja', 'django', 'javascript', 'google', '2022', 'startups', 'bootcamp']
2640372|['upload', 'nodejs', 'technologies', 'hosting', 'build', 'web', 'built', 'popular', 'apps', 'bestselling']
19332|['website', 'teach', 'javascript', 'websites', 'instructor', 'html', 'coaching', 'html5', 'masterclass', 'teachers']
1254420|['educate', 'technologies', 'implemented', 'built', 'build', 'apps', 'google', 'learning', 'lectures', 'teach']
3793268|['web', 'browser', 'nodejs', 'webmaster', 'apps', 'java', 'stackoverflow', 'html', 'html5', 'javascript']
1436332|['programming', 'popular', 'coding', 'websites', 'web', 'tutorials', 'developers', 'browser', 'html', 'javascript']
4336812|['hypertext', 'browser', 'java', 'xml', 'nodejs', 'webmaster', 'html', 'html5', 'stackoverflow', 'javascript']
3643018|['programmer', 'toolkit', 'browsers', 'stackoverflow', 'html5', 'html', 'teaching', 'browser', 'javascript', 'webmaster']
3914632|['postman', 'install', 'web', 'developer', 'built', 'lectures', 'lecture', 'python', 'bootcamp', 'javascript']
3770614|['stackoverflow', 'browsers', 'programmer', 'google', 'html', 'browser', 'microsoft', 'updating', 'html5', 'javascript']
548278|['google', 'php', 'facebook', 'html', 'bootcamp', 'javascript', 'flexbox', '17000', 'html5', '2021']
1411694|['hashing', 'developer', 'app', 'teach', 'coding', 'developing', 'technologies', 'built', 'apps', 'javascript']
2272508|['web', 'rich', 'developer', 'websocket', 'html', 'blog', 'websockets', 'weblog', 'javascript', 'tutorials']
4505104|['website', 'websites', 'web', 'new', 'modern', 'tutorials', 'latest', 'html', 'javascript', '2022']
3873464|['gt', 'popular', 'build', 'fast', 'excited', 'app', 'nextjs', 'apps', 'bestselling', 'javascript']
4015622|['huge', 'facebook', 'html', 'apps', 'rich', 'browser', 'party', 'javascript', 'google', 'bootcamp']
4341426|['browsers', 'browser', 'nodejs', 'apps', 'bootcamp', 'webmaster', 'html', 'html5', 'stackoverflow', 'javascript']
4565344|['netapp', 'academic', 'microsoft', 'bootcamp', 'scientific', 'july', 'scientist', 'science', 'scientists', '2022']
1993718|['connectivity', 'lifecycle', 'app', 'informative', 'learning', 'web', 'technologies', 'teaching', 'java', 'networking']
1362070|['advanced', '2017', 'detailed', 'modern', 'thorough', 'fully', 'updated', 'complete', 'latest', '2021']
822444|['web', 'website', 'online', 'html', 'html5', 'entrepreneurial', 'bootcamp', 'python', 'django', 'javascript']
2027138|['online', 'enormous', 'internet', 'javascript', 'amazon', 'google', 'bootcamps', 'bootcamp', 'netflix', 'html5']
4336818|['strong', 'react', 'js', 'stack', 'development', 'mongodb', 'nodejs', 'web', 'mobile', 'app']
1586922|['great', 'heartly', 'responsive', 'teaching', 'tutorial', 'strong', 'amazing', 'detailed', 'javascript', 'useful']
4660514|['amp', 'stack', 'development', 'developer', 'node', 'hello', 'welcome', 'web', 'fullstack', 'java']
3605304|['login', 'javascript', 'web', 'php', 'facebook', 'blog', 'html', 'websites', 'website', 'browser']
2023728|['step24', 'step22', 'modern', 'step33', 'step01', 'step26', 'java', 'step21', 'spring', 'javascript']
446134|['coaching', 'tutorials', 'photoshop', 'html5', 'google', 'javascript', 'updating', 'startup', 'kickstart', '2022']
1883186|['developers', 'built', 'tech', 'browser', 'medicine', 'javascript', 'skillset', 'professional', 'expert', 'masterclass']
4336780|['updating', 'nodejs', 'websites', 'graphql', 'apps', 'web', 'stackoverflow', 'browser', 'html', 'javascript']
4341188|['slides', 'lectures', 'web', 'html', 'websites', 'online', 'html5', 'entrepreneurial', 'django', 'python']
3633724|['developers', 'web', 'plugins', 'programmers', 'browsers', 'internet', 'browser', 'apps', 'html', 'javascript']
2678112|['modern', 'build', 'php', 'new', 'html', 'flexbox', 'javascript', 'bootcamp', '2020', '2021']
3770612|['websites', 'website', 'nodejs', 'teaching', 'web', 'apps', 'updating', 'browser', 'html', 'javascript']
1657930|['libraries', 'clients', 'applications', 'http', 'client', 'authentication', 'graphql', 'javascript', 'web', 'server']
4053812|['amazon', 'graduates', 'tutorials', 'online', 'ibm', 'tesla', 'facebook', 'google', 'netflix', '2023']
4082704|['webserver', 'youtube', 'ios', '2022', 'apps', 'twitter', 'startup', 'ipad', 'javascript', 'bootcamp']
3616978|['facebook', 'javascript', 'python', 'spacex', 'tesla', '2023', 'startup', 'google', 'bootcamp', 'startups']
4837352|['netapp', 'python', 'mentors', 'faculty', 'microsoft', 'scientist', 'academic', 'instructors', 'internships', 'bootcamp']
4006728|['ready', 'development', 'app', 'strong', 'popular', 'fast', 'apps', 'built', 'build', 'powerful']
2389518|['websites', 'lectures', 'learning', 'mastering', 'tech', 'class', 'instructors', 'tutorials', 'django', 'masterclass']
4851938|['installing', 'web', 'build', 'technologies', 'app', 'html', 'bestsellers', 'commerce', 'shopping', 'library']
3637314|[]
3567445|['welcome', 'updating', 'browser', 'exciting', 'chrome', 'google', 'warm', 'apps', 'java', 'javascript']
4489250|['professors', 'future', 'new', 'emmy', 'developers', 'graduate', 'apps', 'html', 'javascript', '2024']
3515540|['stackoverflow', 'browser', 'java', 'php', 'html', 'webmaster', 'html5', 'django', 'javascript', 'python']
3818538|['workflow', 'educations', 'online', 'class', 'apps', 'teaching', 'html', 'browser', 'updating', 'javascript']
3633716|['programmer', 'google', 'apps', 'iphone', 'superset', 'microsoft', 'innovations', 'updating', 'modernize', 'javascript']
4704074|['rich', 'quickly', 'deploy', 'easily', 'developers', 'app', 'workflows', 'accelerate', 'fast', 'apps']
3498608|['cobol', 'online', 'scientists', 'android', 'tutorials', 'python', 'google', 'programmer', 'apps', 'microsoft']
4336792|['fullstack', 'nodejs', 'apps', 'websites', 'browser', 'web', 'graphql', 'stackoverflow', 'javascript', 'html']
2395488|['master', 'usecontext', 'useref', 'application', 'learn', 'web', 'app', 'build', 'authentication', 'usereducer']
4292014|['bootstrap', 'teach', 'developer', 'website', 'troubleshooting', 'html', 'technologies', 'build', 'browser', 'python']
4158836|['empowering', 'nouns', 'software', 'developer', 'exciting', 'github', 'verbs', 'excited', 'binge', 'web']
1693392|['instructor', 'professional', 'server', 'developer', 'instructors', 'apps', 'blog', 'developers', 'phpunit', 'php']
4591288|['hands', 'project', 'stack', 'node', 'development', 'mongodb', 'welcome', 'fullstack', 'web', 'nodejs']
4541754|['browsers', 'hypertext', 'web', 'xhtml', 'plugins', 'nodejs', 'apps', 'html', 'html5', 'javascript']
4958062|['demo', 'styling', 'cookies', 'website', 'build', 'websites', 'app', 'interactive', 'developer', 'remix']
2875854|['engineering', 'developer', 'benefits', 'strong', 'app', 'flexbox', 'ios', 'popularity', 'android', 'apps']
4436220|['technologies', 'developer', 'gorgeous', 'build', 'tech', 'tutorials', 'javascript', 'skillset', 'professional', 'masterclass']
4270872|['open', 'complete', 'advanced', 'modern', 'confident', 'professional', 'strong', 'easily', 'fastapi', 'fastest']
4154052|['live', 'strong', 'build', 'ecommerce', 'successful', 'powerful', 'facebook', 'excited', 'netflix', 'javascript']
4570880|['php', 'research', 'password', 'javascript', 'web', 'researcher', 'html', 'online', 'website', 'programmer']
3406022|['bootstrap4', 'python', 'html', 'html5', 'google', 'netflix', 'javascript', 'microsoft', 'bootcamp', '2022']
1012096|['build', 'web', 'nodejs', 'library', 'hour', 'classes', 'webpage', 'html', 'php', 'javascript']
1780436|['admin', 'paypal', 'authentication', 'coding', 'server', 'app', 'practicing', 'compete', 'party', 'webpages']
2722246|['teaching', 'requisite', 'teamplate', 'trainer', 'classes', 'spring', 'mentored', 'tutor', 'postman', 'hiring']
4777274|['interview', 'needed', 'dream', 'javascript', 'designing', 'html', 'required', 'job', 'website', 'developer']
3498598|['web', 'teaching', 'classes', 'sql', 'apps', 'python', 'spring', 'online', 'tutorials', 'springboot']
1770580|['nodejs', 'teaching', 'technologies', 'hashing', 'paypal', 'web', 'popular', 'upgrade', 'uber', 'password']
1902720|['development', 'coding', 'scratch', 'build', 'bootstrap', 'mongodb', 'server', 'web', 'javascript', 'html']
4329944|['browser', 'iphone', 'developers', 'online', 'updating', 'html', 'ecommerce', 'apps', 'facebook', 'javascript']
4038928|['architect', 'pro', 'build', 'successful', 'mastering', 'ecommerce', 'engineering', 'apps', 'rich', 'genius']
2539632|['global', 'airbnb', 'excited', 'developer', 'instructor', 'websites', 'app', 'build', 'new', 'online']
3633726|['apps', 'slideshows', 'teaching', 'browser', 'java', 'html', 'html5', 'javascipt', 'webmaster', 'javascript']
461160|['hard', 'robust', 'developers', 'apps', 'highest', 'high', 'science', 'strong', 'biggest', 'javascript']
3352082|['inputcheckbox', 'web', 'online', 'authenticationstateprovider', 'internet', 'html', 'javascript', 'microsoft', 'firefox', 'browser']
3716888|['happiness', 'html', 'ecommerce', 'html5', 'java', 'google', 'certified', 'professional', 'webapp', 'spring']
4713924|['html', 'google', 'html5', 'teaching', 'algorithms', 'training', 'microsoft', 'startups', 'tutorials', 'javascript']
4871936|['build', 'programming', 'beginners', 'taught', 'lesson', 'learning', 'teach', 'teaching', 'programmers', 'programmer']
2038962|['best', 'google', 'latest', 'proficient', 'firebase', 'strong', 'confident', 'convenient', 'firestore', 'easily']
3793286|['facebook', 'app', 'developers', 'java', 'ios', 'smartphones', 'google', 'apps', 'android', 'javascript']
4712376|['engineering', 'html5', 'google', 'teaching', 'python', 'microsoft', 'training', 'startups', 'tutorials', 'javascript']
3480632|['javascript', 'shopify', 'ceo', 'largest', 'extensive', 'massive', 'modern', 'complete', 'revolutionalizes', 'rich']
3828976|['netflix', 'google', 'apps', 'instagram', 'efficient', 'popular', 'warm', 'django', 'python', 'javascript']
2313140|['successful', 'passion', 'excel', 'scripting', 'architect', 'tutorial', 'latest', 'java', 'technologies', 'automation']
2521686|['instructor', 'mentorship', 'lectures', 'websites', 'lecture', 'website', 'php', 'javascript', 'weekly', 'html']
2980080|['strong', 'app', 'learn', 'postman', 'architecture', 'deploy', 'testing', 'spring', 'java', 'build']
4355412|['django', 'newest', 'happy', 'strong', 'codingwithroby', 'fastapi', 'python', 'popular', 'fastest', 'hottest']
2746796|['software', 'learn', 'developing', 'coding', 'developer', 'integration', 'development', 'testcases', 'workflow', 'java']
3212235|['google', 'boss', 'developer', 'exams', 'teaching', 'students', 'student', 'salesforce', 'developers', 'graduate']
4409486|['studio', 'pro', 'learn', 'onload', 'developer', 'decrypting', 'job', 'taught', 'localstorage', 'class']
3475794|['popular', 'browser', 'developers', 'iphone', 'google', 'apps', 'innovations', 'updating', 'modernize', 'javascript']
4060616|[]
3381306|['install', 'installing', 'fast', 'packed', 'popular', 'web', 'apps', 'django', 'python', 'javascript']
3581421|['password', 'build', 'login', 'hosting', 'checkout', 'app', 'admin', 'typescript', 'ecommerce', 'javascript']
3379414|['html', 'proficient', 'party', 'exponentially', 'microsoft', 'strong', 'javascript', 'popular', 'expert', 'upload']
1524508|['fun', 'fast', 'success', 'google', 'enthusiasm', 'javascript', 'entrepreneur', 'exciting', 'popular', 'bootcamp']
3699266|['stack', 'dynamic', 'add', 'strong', 'admin', 'development', 'technology', 'big', 'upload', 'nodemailer']
4439240|['inside', 'certifications', 'studies', 'companies', 'workbook', 'security', 'learning', 'technology', 'cyber', 'cybersecurity']
4672448|['networking', 'certified', 'global', 'exam', 'cyber', '2022', 'cybersecurity', 'millennials', '2025', 'thor']
4833706|['technology', 'car', 'cars', 'thieves', 'driving', 'automotive', 'cyber', 'hacker', 'cyberattacks', 'cybersecurity']
1974640|['studies', 'password', 'lessons', 'cyberspace', 'ransomware', 'engineering', 'security', 'cybersecurity', 'cryptography', 'authentication']
1494648|['studies', 'web', 'amazon', 'master', 'business', 'managers', 'decades', 'manager', 'executives', 'cybersecurity']
2015076|['master', 'love', 'computer', 'completed', 'exam', 'linux', 'instructor', 'popular', 'cybersecurity', 'expert']
1848540|['expert', 'tremendous', 'professional', 'trillion', 'university', 'booming', 'cyber', 'global', 'forbes', '2021']
3210881|['students', 'practice', 'certified', 'certification', 'learning', 'test', 'practicing', 'tests', 'exam', 'exams']
4892500|['parrot', 'daily', 'linux', 'phishing', 'starvation', 'hacking', 'password', 'cyber', 'cybersecurity', 'cyberattack']
4930708|['professionals', 'crimes', 'learning', 'modeling', 'crime', 'technologies', 'holistic', 'security', 'masterclass', 'cybersecurity']
384660|['snoops', 'corporate', 'software', 'fraud', 'theft', 'networking', 'espionage', 'password', 'cybercrime', 'cybersecurity']
4749694|['governance', 'guidelines', 'security', 'playbook', 'mapping', 'professional', 'research', 'conducting', 'cyber', 'cybersecurity']
3996346|['dreamed', 'exam', 'instructors', 'engineering', 'learning', 'networking', 'hacking', 'training', 'cryptography', 'cybersecurity']
4865892|['100', 'databases', 'apps', 'architect', 'blueprints', 'sql', 'students', 'cybersecurity', 'exam', 'microsoft']
4370604|['proud', 'worldwide', 'companies', 'training', 'successful', 'classroom', 'disney', 'cybersecurity', 'proactive', 'instructor']
1328814|['teaching', '8570', '2017', 'cyber', 'exam', 'cybersecurity', 'exams', '2022', 'tutorials', 'bootcamp']
2776446|['behavioral', 'intelligence', 'toolsets', 'analysts', 'analyst', 'analytics', 'attackers', 'cyber', 'security', 'cybersecurity']
3253524|['revolutionize', 'architecting', 'global', 'cybersecurity', 'microsoft', 'architects', 'cyber', '2020', '2026', '2022']
4783692|['planning', 'organizing', 'technology', 'testing', 'cyber', 'lessons', 'teach', 'learning', 'cybersecurity', 'training']
1496052|['staff', 'professionals', 'hacking', 'developers', 'specialists', 'students', 'cyber', 'trained', 'security', 'cybersecurity']
4064648|[]
3683734|['password', 'hacking', 'hackthebox', 'labs', 'microsoft', 'pythonic', 'python', 'hackers', 'hacker', 'cybersecurity']
1227834|['security', 'privacy', 'basics', 'requisite', 'cia', 'technologies', 'professional', 'wireless', 'lecture', 'lectures']
384788|['security', '2022', 'research', 'academic', 'espionage', 'hacking', 'forensics', 'hacker', 'hackers', 'cyber']
4085894|['career', 'hacking', 'expert', 'linux', 'demo', 'theoretical', 'cyber', 'latest', 'hacker', 'cybersecurity']
4484268|['cyber', 'successful', 'business', 'valuable', 'daily', 'biggest', 'expanding', 'wannabees', 'scientists', '2028']
4310980|['hashing', 'keyloggers', 'passwords', 'password', 'cryptography', 'engineering', 'cyber', 'hackers', 'exam', 'cybersecurity']
3999038|['global', 'crime', 'fastest', 'phishing', 'ransomware', 'cyber', 'cybersecurity', 'hackers', 'cybercrimes', 'cybercrime']
3870598|['exam', 'professional', 'attacks', 'innovative', 'threats', 'security', 'challenging', 'attackers', 'cyber', 'cybersecurity']
3609058|['forbes', 'war', 'ibm', 'battle', 'nfl', 'microsoft', 'cybersecurity', '2022', 'cyber', '2021']
4433426|['technological', 'authentication', 'introductory', 'documented', 'certification', 'training', '27001', '27002', '27000', '2022']
2982786|[]
4458162|['technical', 'learning', 'security', 'technologies', 'cyber', 'technic', 'researchers', 'lab', 'labs', 'cybersecurity']
1924738|['breaches', 'headlines', 'computers', 'attack', 'news', 'smartphones', 'colossal', 'malware', 'cyber', 'cybersecurity']
1585012|['roadmap', 'hours', 'ibm', 'eastern', 'latest', 'hundreds', 'microsoft', 'cyber', 'ciptv2020', '2021']
4500858|['minutes', '201', 'cyberops', 'certification', 'cybersecurity', '200', '100', 'certified', 'exam', 'cisco']
4199310|['vlog', 'websites', 'blog', 'programmers', 'php', 'hacking', 'lab', 'cybersecurity', 'hacker', 'python']
4732974|['documentation', 'determination', 'continuous', 'authorization', 'plans', 'categorize', 'pragmatic', 'detailed', 'comprehensive', 'modernization']
2232090|['growth', 'evolution', 'emerging', 'trends', 'developments', 'students', 'evolving', 'new', 'technologies', 'cybersecurity']
4488594|['professional', 'tools', 'engineering', 'attackers', 'security', 'cyber', 'hacking', 'cybersecurity', 'hacker', 'hackers']
4575144|['amazing', 'prerequisites', 'college', 'best', 'hard', 'strong', 'high', 'succeed', 'smarter', 'expert']
1709836|['hide', 'library', 'breach', 'internet', 'privacy', 'breaches', 'security', 'foolproof', 'dead', 'fax']
984960|['validates', 'experience', 'technical', 'engineer', 'certification', 'practitioner', 'prerequisite', 'professionals', 'training', 'security']
3347538|['coach', 'cybersecurity', 'week', 'hired', 'hiring', 'recruiter', 'online', 'risesmart', 'recruiters', 'yesterday']
3651710|['knowledge', 'benefits', 'studies', 'detailed', 'practice', 'skills', 'test', 'students', 'tests', 'exam']
3665664|['years', 'hours', 'teaching', '150', 'completion', '200', 'thousands', 'books', 'author', 'exam']
4462748|['training', 'standard', 'confidence', 'topologies', 'welcome', 'tutorials', 'teaching', 'certifications', 'certification', 'certified']
2894272|['increasing', 'security', 'students', 'internet', 'coronavirus', 'cyberspace', 'cyberlaw', 'cyber', 'cybersecurity', 'cybercrime']
1735804|['manual', 'toolkit', 'academic', 'instructor', 'lecture', 'cyber', 'cybersecurity', 'forensics', 'exam', 'exams']
2965934|['businesses', 'criminals', 'hacking', 'security', 'internet', 'cryptography', 'cyber', 'hacker', 'hackers', 'cybersecurity']
4288534|['cyber', 'economic', 'organizational', '13636', 'government', '2014', 'cybersecurity', '2013', 'president', 'february']
1410342|['copyright', '22', 'testing', 'test', 'cybersecurity', 'tests', 'publisher', 'certification', 'exam', 'seminars']
2699024|['offered', 'automate', 'services', 'learn', 'comply', 'standardisation', 'job', 'tools', 'automation', 'security']
4025278|['experiment', 'migrating', 'analytics', 'innovate', 'crash', 'technologies', 'google', 'cybersecurity', 'innovation', 'fintech']
3512952|['algorithms', 'cyber', 'security', 'hacking', 'tutorial', 'password', 'cybersecurity', 'cryptology', 'hackers', 'hacker']
4385598|['completion', 'designecologist', 'exam', 'teaching', 'kickstart', 'internship', 'recruitment', 'certifications', 'hiring', 'certified']
3077130|['mouse', 'party', 'webcam', 'apps', 'lab', 'password', 'hacking', 'cybersecurity', 'hackers', 'hacker']
4614370|['server', 'theoretical', 'linux', 'web', 'virtualized', 'ubuntu', 'log4shell', 'minecraft', 'lab', 'hacking']
4075856|['labs', 'hunting', 'security', 'programmers', 'trackers', 'hacking', 'tutorials', 'hackerone', 'cybersecurity', 'hackers']
3276250|['certification', 'certifications', 'prepare', 'tester', 'engineer', 'learning', 'class', 'struggling', 'roadmap', 'cyber']
3835412|['breaches', 'threats', 'security', 'engineers', 'phishing', 'biometrics', 'passwords', 'healthcare', 'cyber', 'cybersecurity']
4658902|['latest', 'love', 'exam', 'servers', 'server', 'instructor', 'popular', 'linux', 'cybersecurity', 'expert']
4618534|['networking', 'ddos', 'wireshark', 'mastering', 'debian', 'software', 'parrot', 'hacking', 'linux', 'hackers']
4943310|['test', 'tests', 'cyberops', 'certification', 'cybersecurity', '100', '200', 'certified', 'exam', 'cisco']
3052422|['algorithms', 'cyber', 'security', 'hacking', 'tutorial', 'password', 'cybersecurity', 'cryptology', 'hackers', 'hacker']
3455624|['skillful', 'extensive', 'security', 'attackers', 'attacker', 'powerful', 'password', 'cyber', 'cybernetic', 'cybersecurity']
4372164|['ediscovery', 'completing', 'investigators', 'assault', 'investigator', 'science', 'discovery', 'forensic', 'forensics', '2022']
4014414|['successfully', 'security', 'alumni', 'certifications', 'comprehensive', 'certification', 'engineering', 'exam', 'professional', 'certified']
4304531|['google', 'rockstar', 'alumni', 'tutorials', 'freelancers', 'competition', 'facebook', 'competitive', 'millionaire', 'bootcamp']
3330424|['algorithms', 'cyber', 'security', 'hacking', 'tutorial', 'password', 'cybersecurity', 'cryptology', 'hackers', 'hacker']
1786736|['iq', 'tech', 'university', 'researchers', 'cyber', 'technologist', 'technologists', 'cybersecurity', 'harvard', 'techgenix']
1124394|['learn', 'development', 'legal', 'economic', 'jurisprudence', 'students', 'criminal', 'darknet', 'internet', 'cybercrime']
1607282|['illegally', 'attacks', 'increasing', 'increased', 'exam', 'security', 'forensic', 'arena', 'cryptography', 'hackers']
3963364|['web', 'udemy', 'analytics', 'software', 'security', 'analyst', 'exam', 'exams', 'unofficial', 'cybersecurity']
4859146|['identify', 'organizations', 'practices', 'discuss', 'customize', 'stakeholders', 'taxonomy', 'guidelines', 'prioritize', 'cybersecurity']
4860786|['automation', 'professional', 'certification', 'exams', 'exam', 'analyst', 'security', 'analytics', 'software', 'cybersecurity']
4877406|['working', 'certification', 'installing', 'cybersecurity', 'teach', 'learning', 'exam', 'instructor', 'classes', 'labs']
3633306|['hype', 'unlocking', 'inventing', 'ceo', 'engineering', 'prioritising', 'keyloggers', 'leadership', 'competitive', 'competencies']
2616890|['security', 'professionals', 'employers', 'student', 'learning', 'students', 'instructor', 'exam', 'corporate', 'cybersecurity']
3654704|['science', 'instructor', 'engineering', 'microsoft', 'teacher', 'browser', 'math', 'teaching', 'algorithms', 'python']
4261752|['professional', 'cryptocurrency', 'strong', 'high', 'ethereum', 'passionate', 'exponential', 'expert', 'global', 'popular']
4903516|['curriculum', 'teaches', 'teach', 'library', 'university', 'testnet', 'updating', 'mentors', 'javascript', 'bootcamp']
4912768|[]
4904954|['psychology', 'technical', 'technology', 'technological', 'confidentiality', 'technologies', 'cryptanalytic', 'engineering', 'cryptographic', 'security']
2414756|['legal', 'complex', 'policy', 'journey', 'regulatory', 'issues', 'introduction', 'evolving', 'impacting', 'blockchain']
3358670|['certified', 'strong', 'class', 'hacking', 'professional', 'gt', 'cryptography', 'cybersecurity', 'cyber', 'hottest']
4375594|['professional', 'whale', 'new', 'october', 'boomed', 'investing', 'masterclass', 'fast', 'huge', '2022']
3329844|['strong', 'completion', 'certified', 'hacking', 'class', 'gt', 'professional', 'cyber', 'cybersecurity', 'hottest']
4854528|['cryptocurrency', 'new', 'cybersecurity', 'excited', 'expansion', 'largest', 'expanding', 'facebook', '2020', 'fastest']
3599282|['lessons', 'learning', 'enriching', 'expert', 'evangelist', 'classroom', 'science', 'cybersecurity', 'scientist', 'masterclass']
4657386|['professional', 'detailed', 'learning', 'future', 'unlimited', 'days', 'certified', 'day', 'today', '2022']
2962460|['cloud', 'countless', 'prerequisites', 'hours', 'wealth', 'computer', 'networking', 'computers', 'stratospheric', 'cybersecurity']
4389644|['lectures', 'research', 'hours', 'apps', 'internet', 'hospital', 'smartphone', 'medical', 'healthcare', 'robot']
4404035|['goal', 'tactics', 'transform', 'crisis', 'transformation', 'customer', 'necessary', 'investing', 'business', 'innovators']
3395190|['technician', 'xprotext', 'recording', 'installer', 'certification', 'certifications', 'training', 'xprotect', 'certified', 'cctv']
