3895716|universidad, web, semánticos, ciclos, flexbox, global, 132, java, javascript, html
650714|nuevas, cuentas, cualquier, fantásticas, 100, nuestras, html5, muchos, estrellas, 500html
1509816|es10, fullstack, excelente, pixabay, introducción, nuevas, realizar, filtro, apps, javascripthtml
3267250|conocerás, creación, empezaremos, utilizarlo, aprenderás, creando, bienvenido, css3, posicionamiento, cuadriculashtml
2043988|trabajada, cualquier, necesarios, proyectos, cuando, maquetación, habilidades, trabajadas, herramientas, desarrolladorhtml
4685204|conceptos, bienvenidos, web, familiarizándonos, conocimientos, realizar, maravillosas, desarrolladores, html, javascripthtml
4027146|aprovechar, filosofía, creación, conocimiento, parcialmente, crearemos, recomendamos, arquitectura, html, desarrollandohtml
1712652|últimas, desarrollar, superset, cualquiera, desarrollaremos, independientes, html, conocimientos, relacionales, desarrolladorhtml
3327890|proyectos, aprovechar, maquetaremos, html, tecnologías, futuro, conocimientos, usando, desarrollador, javascripthtml
4723064|herramientas, javascript, consejos, entendimiento, encargándose, cualquier, conocimiento, evolucionando, html, desarrolladorhtml
1719364|desarrollando, aprendizaje, tecnologías, aprovechar, conceptos, conocimientos, desarrollador, usando, posibilidades, javascripthtml
2542497|nodejs, online, webs, php, javascript, web, internet, html, webapps, html5html
1837638|conectado, certificado, nuestra, alternativas, desarrollar, relacionado, aprobación, certificando, spring, desarrolladorhtml
2264768|configuración, aprenderemos, crearemos, cualquier, llamativa, cuando, desarrollador, web, convirtiéndote, trabajohtml
4510678|ejercicios, recomiendo, ejercicio, autenticación, tenerla, aprenderás, estático, desarrollador, openjira, conocimientohtml
893642|utilizando, crearemos, usuario, utilizar, creación, necesario, resoluciones, tecnologías, aprenderás, conocimientoshtml
2552857|necesitas, mantengo, contenido, aprenderás, proyectos, necesario, dibujos, conocimiento, trabajo, javascripthtml
3662358|recomendados, autenticación, robustas, ejercicios, tecnologías, necesitarás, experto, desarrolladores, conocimiento, robustohtml
2875742|proyectos, trabajo, usadas, tecnologías, desarrollando, consigas, conocimientos, cualquier, desarrollador, startupshtml
2056209|objetos, actualizado, tener, autenticación, productos, mongodb, modernas, nuestro, nuestra, 2020html
1184016|trabajaremos, rápida, conjuntamente, symfony3, desarrollador, javascript, html, mucho, filtros, trabajohtml
2306018|empleos, utilizaremos, ubicación, crearemos, posgresql, nodemailer, postgresql, openstreetmap, webpack, desarrollohtml
1895550|tantas, vida, entregar, tener, aprendas, conceptos, aprenderas, entregarte, reutilizar, desarrolladorhtml
1265942|nuestras, javapersistence, arquitecturas, log4j2, html5, jpql, javaserver, java, javascript, superclaseshtml
2889734|autenticación, login, conocimientos, librería, app, google, email, web, javascript, facebookhtml
1894936|integrar, muchos, aprovechar, gratuitas, aprenderemos, usuarios, necesario, usuario, liberadas, tradicionaleshtml
3558467|multiparadigma, estructurada, interactivas, enfocadas, creación, utilizando, dinámicas, potencia, webcomponents, javascripthtml
3078492|todos, jdbc, nuestra, certificado, aprobación, lambda, mucho, certificando, trabajo, estrellashtml
2048151|api, trabajar, heroku, netlify, aprenderás, mongodb, febrero, integrar, google, javascripthtml
970528|complejos, conocimientos, conocimiento, maquetación, cuáles, html5, phpmailer, php, desarrollador, relacionaleshtml
2558556|conviértete, ajax, integra, mundo, global, tecnologías, ubaldo, html, java, javascripthtml
535696|utilizando, cualquier, aplicarlo, llamado, muchos, proyectos, flexbox, aprenderás, necesario, realizarhtml
4613516|llegado, certificado, certificados, potencial, criptografía, posicionado, superando, desarrolladores, 100, superadohtml
1220378|css3, nodejs, redes, aprovechar, rápida, enfocándonos, google, html, html5, javascripthtml
755462|currículo, identificarnos, utilizado, aprendido, bienvenido, aprenderás, conocimiento, practicando, trabajo, phphtml
1023976|aprovechar, tecnologías, mongodb, rápida, trabajo, angularjs, spotify, nodejs, html, javascripthtml
1322574|realizar, flexslider, woocommerce, maquetación, modales, trabajo, enviarlos, interacción, utilizaremos, posicionamientohtml
1111518|wordpress, ritmo, inmediato, método, comenzar, lecciones, demandadas, aprenderás, cuándo, muchohtml
3062026|cabeza, crecimiento, herramientas, cualquier, habilidades, conocimientos, cualquiera, desarrollador, desarrolladores, requerimientoshtml
4326264|consumirlos, consolidando, usuario, consumirlas, solicitados, aprenderás, veneficios, aprenderemos, desarrollador, conocimientoshtml
2514224|cronjobs, septiembre, todos, entorno, puntos, entornos, arquitectura, leyendo, amazon, 2022html
1388250|html, 100, desarrollador, aprobación, webflux, estrellas, rápida, nuestra, spring, 2022html
2785952|desarrollar, aprovechar, todas, atractivas, utilizar, entornos, recuerda, conocimientos, tradicionales, usarloshtml
2337206|trayecto, conocimiento, suficientes, conocimientos, elaboraremos, potenciar, javascript, mezclando, realizar, realizandohtml
892762|oportunidades, desarrollador, convirtiendo, web, aprovechar, php, trabajo, symfony3, javascript, html
4554978|demandado, html, tecnología, desarrollado, conceptos, conocimiento, realizamos, conocimientos, tecnologías, desarrolladorhtml
3528424|requisitos, 28, trabajo, nuevas, arquitectura, adicionales, arquitecturas, dynamodb, ec2, 2022html
3115470|certificado, escalabilidad, tecnología, conocimiento, web, ejecución, necesario, creación, tecnologías, amazonhtml
2338870|nodejs, crearemos, usarlo, desarrollador, desarrollando, conocimientos, metodología, postgresql, trabajaremos, graphqlhtml
3248678|integrar, gráfico, reales, alternativas, nueva, utilizando, acompañados, arquitectura, potencial, conceptoshtml
4756420|creando, necesarias, conocimiento, necesario, siguiendo, adicionalmente, habilidades, aprendizaje, puntualmente, bienvenidoshtml
4165520|desarrollo, nuestra, vueltas, arquitectura, reales, nuestras, relacionales, trabajando, modelos, 2022html
1509816|es10, fullstack, excelente, pixabay, introducción, nuevas, realizar, filtro, apps, javascripthtml
2680160|proyectos, desarrollador, trabajar, tecnología, conocimiento, empaquetamiento, moderno, trabajo, independiente, javascripthtml
1337000|practicando, necesario, oportunidades, tecnologías, mencionados, conocimientos, desarrollador, usando, superset, javascripthtml
3327890|proyectos, aprovechar, maquetaremos, html, tecnologías, futuro, conocimientos, usando, desarrollador, javascripthtml
3096364|necesarios, especializarse, conocimientos, autenticación, 400, utilizando, fullstack, mucho, muchas, 100html
2759050|v8, últimas, oportunidad, proyectos, tecnologías, conocimiento, cronjobs, uber, arquitecturas, netflixhtml
4510678|ejercicios, recomiendo, ejercicio, autenticación, tenerla, aprenderás, estático, desarrollador, openjira, conocimientohtml
3947196|trabajo, seguras, usarlo, mongodb, modelos, aprovechar, trabajaremos, requeridas, nuestras, springhtml
4792234|inyección, aproveches, trabajo, documentando, conocimientos, bienvenidos, claro, aprenderás, decoradores, requerimientoshtml
1837638|conectado, certificado, nuestra, alternativas, desarrollar, relacionado, aprobación, certificando, spring, desarrolladorhtml
3662358|recomendados, autenticación, robustas, ejercicios, tecnologías, necesitarás, experto, desarrolladores, conocimiento, robustohtml
882422|interfaz, reembolso, persistencia, solucionados, métodos, conocimientos, lenguaje, acceso, teclas, atributoshtml
1719364|desarrollando, aprendizaje, tecnologías, aprovechar, conceptos, conocimientos, desarrollador, usando, posibilidades, javascripthtml
2542497|nodejs, online, webs, php, javascript, web, internet, html, webapps, html5html
1712652|últimas, desarrollar, superset, cualquiera, desarrollaremos, independientes, html, conocimientos, relacionales, desarrolladorhtml
2264768|configuración, aprenderemos, crearemos, cualquier, llamativa, cuando, desarrollador, web, convirtiéndote, trabajohtml
2163808|misterios, conocerás, probado, programador, todos, adaptado, peticiones, herramienta, comandos, aprovecharlohtml
4119364|bienvenidos, conceptos, versatilidad, realizar, gratuitos, adicionalmente, autenticación, bajo, reutilización, javascripthtml
4326264|consumirlos, consolidando, usuario, consumirlas, solicitados, aprenderás, veneficios, aprenderemos, desarrollador, conocimientoshtml
650714|nuevas, cuentas, cualquier, fantásticas, 100, nuestras, html5, muchos, estrellas, 500html
1184016|trabajaremos, rápida, conjuntamente, symfony3, desarrollador, javascript, html, mucho, filtros, trabajohtml
2056209|objetos, actualizado, tener, autenticación, productos, mongodb, modernas, nuestro, nuestra, 2020html
1023976|aprovechar, tecnologías, mongodb, rápida, trabajo, angularjs, spotify, nodejs, html, javascripthtml
4093606|buscando, desarrolladores, librerías, entorno, aprovechan, tenemos, arquitectas, usando, html, javascripthtml
2150756|operadores, antes, web, ubicarlo, trabajo, mysql, html, django, sqlite, pythonhtml
4734798|lleno, utilizaremos, utilizando, relacionado, transacciones, trabajaremos, orientado, independientes, 100, springhtml
4526856|prueba, acerca, cuales, peticiones, requeridas, desarrollo, sqlite, desarrollador, hackerrank, pythonhtml
3883590|futuras, flex, intancias, apple, app, nuestras, appstore, ios, google, androidhtml
2552857|necesitas, mantengo, contenido, aprenderás, proyectos, necesario, dibujos, conocimiento, trabajo, javascripthtml
2337206|trayecto, conocimiento, suficientes, conocimientos, elaboraremos, potenciar, javascript, mezclando, realizar, realizandohtml
4368122|django, flexbox, apps, java, web, manipulando, html, python, html5, javascripthtml
2875742|proyectos, trabajo, usadas, tecnologías, desarrollando, consigas, conocimientos, cualquier, desarrollador, startupshtml
1265942|nuestras, javapersistence, arquitecturas, log4j2, html5, jpql, javaserver, java, javascript, superclaseshtml
2048151|api, trabajar, heroku, netlify, aprenderás, mongodb, febrero, integrar, google, javascripthtml
1220378|css3, nodejs, redes, aprovechar, rápida, enfocándonos, google, html, html5, javascripthtml
3078492|todos, jdbc, nuestra, certificado, aprobación, lambda, mucho, certificando, trabajo, estrellashtml
1075334|esforzado, aprenderemos, conocerás, realizarse, conectarnos, trabajo, mantenimiento, independiente, introducciones, 10html
2306140|bienvenido, funcionales, necesario, espacio, ejercicios, desarrollador, lenguaje, hermosas, muchos, cuidadosamentehtml
2338870|nodejs, crearemos, usarlo, desarrollador, desarrollando, conocimientos, metodología, postgresql, trabajaremos, graphqlhtml
1894936|integrar, muchos, aprovechar, gratuitas, aprenderemos, usuarios, necesario, usuario, liberadas, tradicionaleshtml
970528|complejos, conocimientos, conocimiento, maquetación, cuáles, html5, phpmailer, php, desarrollador, relacionaleshtml
3369300|modelos, películas, heroku, proyecto, github, repositorio, mongodb, sincroniza, despliégalo, desarrollohtml
893642|utilizando, crearemos, usuario, utilizar, creación, necesario, resoluciones, tecnologías, aprenderás, conocimientoshtml
942960|punteros, red, css3, redes, enfocándonos, javascript, php, symfony3, html, html5html
2785952|desarrollar, aprovechar, todas, atractivas, utilizar, entornos, recuerda, conocimientos, tradicionales, usarloshtml
4613516|llegado, certificado, certificados, potencial, criptografía, posicionado, superando, desarrolladores, 100, superadohtml
990674|oportunidades, necesitarás, convirtiendo, html, nodejs, angularjs, marcadores, usarlo, javascript, desarrolladorhtml
2072241|lenguaje, aprenderás, equivocarme, generados, conoceremos, tumblr, html, supuesto, php, phptubehtml
4399202|tutorización, tensorflow, tecnología, modelos, science, características, scikit, phd, 2022, pythonhtml
3601550|utilizarla, todo, comentarios, lenguaje, ciclo, espero, mundo, hipótesis, tenemos, 100html
4189168|cambiaron, flexibilidad, lograr, web, comprarlo, la, claro, trabajo, videojuegos, pythonhtml
4614170|interesado, cualquiera, proyectos, herramientas, ordenador, matemáticas, requisitos, realizados, matemáticos, realizashtml
2210484|trabajo, nuestra, scientist, extracción, complejos, desarrollador, modelos, tecnológicas, datademia, bootcamphtml
4416178|certificados, instructores, características, técnicamente, convolucionales, science, tecnología, experto, tutorización, phdhtml
2505778|español, cualquier, conceptos, realizar, conocimientos, trabajo, consejos, bienvenidos, adicionales, atributoshtml
2643064|scikit, herramientas, agrupamiento, certificado, modelos, conocimiento, habilidades, infraestructuras, tradicionales, inventaronhtml
2909820|neuronales, extracción, web, tecnológicas, modelos, datademia, scientist, scikit, python, bootcamphtml
4050786|edición, ejecuta, ejecución, caóticos, menudo, operaciones, copiado, apilamiento, librerías, bajoshtml
4322928|convirtiendo, extracción, complejos, cualquier, claro, habilidades, herramientas, matemáticos, requerimiento, requerimientoshtml
4059424|sencillos, estructura, transformarte, pandas, comerciales, ingeniería, desarrollador, cualquiera, trabajando, pythonhtml
2396108|entorno, esperando, tecnología, razonaremos, trabajo, soluciones, diferencia, analizando, cuando, nuestrahtml
3655814|objetos, entendimiento, potencial, desarrollarás, desbloquea, gráficas, trabajar, trabajo, analizarlos, pythonhtml
3397948|creación, trabajado, lecciones, adecuados, gratuitas, cualquier, bienvenidos, estadística, tecnológicas, desarrolladorhtml
1041858|estudiantes, utilizando, adaptado, modelos, asignatura, clasificación, terminología, técnicas, descubrimiento, conocimientohtml
2664884|dígitos, clasificar, netflix, matplotlib, python, características, ibm, scikit, uber, googlehtml
4367750|técnicas, tutoriales, pandas, scientist, scientists, science, analíticas, modelos, scikit, pythonhtml
2861742|extracciones, utilizaremos, github, biologia, internet, ingenierías, wikipedia, google, web, stackoverflowhtml
3614398|utilizaremos, filtros, herramientas, características, sql, cuales, llamado, nuestra, tenemos, 100html
1861116|población, análisis, todos, conceptos, práctico, muestra, ejercicios, caracterizar, desarrollan, estadísticahtml
2178672|certificarte, conocimientos, desktop, sugerencias, requerimientos, transformaremos, cualquiera, tecnologías, realizaremos, microsofthtml
2867812|bajos, atributos, html, qspinbox, linux, qlistwidget, psycopg2, sql, sqlalchemy, pythonhtml
882422|interfaz, reembolso, persistencia, solucionados, métodos, conocimientos, lenguaje, acceso, teclas, atributoshtml
4611052|herramientas, necesaria, trabajar, necesario, comenzar, complementario, realizar, usarlos, analizarlos, pythonhtml
2241862|xgboost, logística, interesado, jerárquico, neuronales, convolucionales, modelos, science, scientists, pythonhtml
4025408|comerciales, necesarios, presentaciones, query, relacionales, cualquier, tableau, realizar, tablas, sqlhtml
3456530|todo, estructurado, habilidad, populares, adicionales, ingresos, habilidades, muchas, trabajo, sqlhtml
2150756|operadores, antes, web, ubicarlo, trabajo, mysql, html, django, sqlite, pythonhtml
2432502|aprenderás, comenzar, juntos, entrenamiento, inmediatamente, conocimientos, resolverlos, habilidades, cuando, pythonhtml
3966236|soluciones, trabajo, científicos, verificar, relativamente, herramientas, gráficas, cualquier, psicológicas, modeloshtml
2783902|rápido, pc, tecnólogo, características, modelos, science, scikit, phd, 2022, pythonhtml
2736848|moldear, requerido, necesitas, realizar, aprovecha, librería, visualizarlos, matplotlib, pandas, pythonhtml
3754012|lxml, mysql, web, operadores, html, djago, sql, sqlite, django, pythonhtml
2689158|realmente, estadísticos, programando, analíticos, puedes, aprenderás, todos, lleno, quiero, cualeshtml
4555396|habilidades, analizar, realizar, herramientas, garantizo, conectarse, transformar, necesarias, profesionistas, googlehtml
4421416|linux, qslider, atributos, diálogo, bajos, trucos, qlistwidget, psycopg2, qspinbox, pythonhtml
2114340|algunos, generación, trabajar, estudiantes, principios, lenguaje, modelos, transformación, gráficos, introductoriohtml
3208959|desarrollado, proyectos, intermedio, estructuradas, actualizar, tablas, server, gt, sql, microsofthtml
4270096|llevarlo, mundo, ingresos, paquetería, habilidades, experto, tecnológica, empleadores, realizar, microsofthtml
3544162|conocerás, trabajo, consejos, cuadernos, interesa, necesitarás, conceptos, herramientas, cualquier, trucoshtml
2580700|investigación, big, mercado, cualquiera, utilizar, strong, recolección, aprenderás, realizar, extracciónhtml
4382500|conocimientos, futuro, mayoría, colaboratory, ingeniería, trabajo, rápida, pyspark, google, pythonhtml
4057566|relacionales, rápida, tablas, realizar, desarrollador, modelos, oracle, sql, sqlite, sqlworkbechhtml
3336840|potencial, realizar, prácticos, conocimiento, conocimientos, probabilidad, habilidades, reutilizarlos, conceptos, sciencehtml
3809174|automático, plata, retomando, conceptos, realizaran, coordenadas, números, opencv, geométricas, pythonhtml
3059648|indiferente, garantizo, utilizaremos, trabajando, creados, integrados, cualificados, extendidos, python, trabajoshtml
2695676|muchas, trabajo, mucho, valor, mundo, rápida, mostrar, excel, inventario, microsofthtml
3945166|acompañado, estructuras, acumuladores, jerarquía, tipos, lógica, suficiente, secretos, pseudocódigo, pythonhtml
1743488|realizar, nuevo, argüelles, dejando, cuales, inventario, soy, 4700, arturo, nuestrahtml
1712652|últimas, desarrollar, superset, cualquiera, desarrollaremos, independientes, html, conocimientos, relacionales, desarrolladorhtml
4371056|proyectos, cuando, realizar, todas, programador, utilizaremos, 250, repasos, mantendrás, bootcamphtml
1509816|es10, fullstack, excelente, pixabay, introducción, nuevas, realizar, filtro, apps, javascripthtml
2056209|objetos, actualizado, tener, autenticación, productos, mongodb, modernas, nuestro, nuestra, 2020html
2264768|configuración, aprenderemos, crearemos, cualquier, llamativa, cuando, desarrollador, web, convirtiéndote, trabajohtml
2552857|necesitas, mantengo, contenido, aprenderás, proyectos, necesario, dibujos, conocimiento, trabajo, javascripthtml
2875742|proyectos, trabajo, usadas, tecnologías, desarrollando, consigas, conocimientos, cualquier, desarrollador, startupshtml
4391188|controvertidos, jueguitos, strong, controvertido, proyectos, elegíamos, importante, viva, lanzamiento, muchohtml
1837638|conectado, certificado, nuestra, alternativas, desarrollar, relacionado, aprobación, certificando, spring, desarrolladorhtml
4813286|ofrecemos, programador, mediano, proyectos, necesario, necesarias, intentado, entrenamiento, cuando, clarohtml
4554978|demandado, html, tecnología, desarrollado, conceptos, conocimiento, realizamos, conocimientos, tecnologías, desarrolladorhtml
3017166|usecontext, conocimientos, textos, internet, graphql, mongodb, html, ios, apps, androidhtml
2558556|conviértete, ajax, integra, mundo, global, tecnologías, ubaldo, html, java, javascripthtml
1295136|oportunidad, necesario, autenticación, anexo, audiojungle, desarrollador, ilustraciones, autoaprendizaje, aprovechamiento, javascripthtml
2205298|autorizaciones, relacionales, potencia, trabajaremos, webpack, independientes, utilizaremos, mostramos, arquitectura, mostraremoshtml
2551297|usando, bienvenidos, tener, firebase, conocimientos, primeros, enfocarnos, reutilizado, arquitectos, 90html
1465192|usando, utilizando, lenguaje, empezaremos, conocimientos, aprenderás, inventario, sugerencias, mejoramiento, javahtml
892762|oportunidades, desarrollador, convirtiendo, web, aprovechar, php, trabajo, symfony3, javascript, html
3171860|2019, conocimiento, práctica, prácticas, entendimiento, conocimientos, estudiantes, necesaria, examen, exámeneshtml
1265942|nuestras, javapersistence, arquitecturas, log4j2, html5, jpql, javaserver, java, javascript, superclaseshtml
1465114|proveedores, utilizando, lenguaje, empezaremos, desarrollando, aprenderás, sugerencias, conocimientos, inventario, mejoramientohtml
3078492|todos, jdbc, nuestra, certificado, aprobación, lambda, mucho, certificando, trabajo, estrellashtml
1511490|utilizaremos, web, avascript, mejoramiento, realizará, strong, sugerencias, realizar, realizaran, javahtml
4740414|acuerdo, llevadas, cabo, repositorios, diferencia, creación, necesarios, interesado, adicionalmente, procedimientohtml
4522030|librerías, ingeniería, xgboost, scientist, modelos, hiperparámetros, science, técnologias, tecnologías, pythonhtml
1184016|trabajaremos, rápida, conjuntamente, symfony3, desarrollador, javascript, html, mucho, filtros, trabajohtml
1322574|realizar, flexslider, woocommerce, maquetación, modales, trabajo, enviarlos, interacción, utilizaremos, posicionamientohtml
1478318|ciclos, internacionalización, 80, arquitecturas, beans, javaserver, llamado, 470, jdbc, superclaseshtml
4059424|sencillos, estructura, transformarte, pandas, comerciales, ingeniería, desarrollador, cualquiera, trabajando, pythonhtml
1609512|modelo, muchas, acompañes, usuario, robustas, grandioso, lenguaje, conocimientos, php, inventarioshtml
2345066|conocimiento, aprenderemos, utilizando, bendiciones, conocimientos, lenguaje, flujo, garantizo, ios, androidhtml
2081442|desarrollando, aprenderemos, proporcionados, usuario, conocimientos, lenguaje, utilizaremos, inventario, mejoramiento, sugerenciashtml
2489190|crearemos, contara, proporcionara, aprenderemos, encuestas, hibernate, realizar, realizará, utilizaremos, springhtml
1126742|trucos, decoradores, opcionales, modelos, utilizarlos, relacionales, browsersync, reutilizando, html, phphtml
2563274|conocimiento, desarrollaremos, desarrolla, autorización, spa, integraremos, transacciones, búsquedas, librerías, javascripthtml
3778720|populares, intuiciones, introducción, conocimientos, trabajo, primero, realiza, realizar, herramientas, formativohtml
3370412|iniciaremos, capacitadas, empezando, trabajando, internacionales, supieras, tecnología, ciberseguridad, cualquier, conocimientoshtml
4438004|comenzado, dirbuster, introducción, formativo, relacionadas, introduciremos, conocimientos, herramientas, powerlevel10k, cyberchefhtml
4087296|protonvpn, conocimientos, utilizaremos, operativos, herramientas, formativo, primero, openvpn, realizar, protonmailhtml
1275232|identidades, riesgo, riesgos, ciberguerra, tecnologías, botnet, crecimiento, ciberataques, ciberkillchain, ciberseguridadhtml
3607728|espacio, cuales, necesarios, encuentran, retroalimentación, evolucionan, internacionales, conocimientos, ciberdelincuentes, ciberdelincuentehtml
4269308|formaciones, conjunto, documentación, internacionales, compañero, aprenderás, trabajando, herramienta, claros, desarrolladoreshtml
1920248|demostración, organizaciones, crecimiento, criptosistema, ciberseguridad, esteganografia, tecnologías, criptografia, criptografía, critpgrafiahtml
3008692|principios, garantizado, practicas, peticiones, ciberseguridad, interesa, criptografía, conocimiento, tecnologías, habilidadeshtml
4123328|mundo, través, actualizaciones, funcionando, oportunidad, brindaremos, entornos, internacionales, internet, webhtml
4288506|desarrollo, oportunidad, conocerás, formaciones, finalizado, trabajando, necesitas, ciberseguridad, internacionales, conocimientoshtml
1417976|impotencia, tiempos, infección, desmedido, nuevos, desesperación, crimen, inutilizables, crecimiento, ransomwarehtml
3700988|acerca, profundos, nuevas, acompáñame, actualizado, formación, marco, bienvenid, modificaciones, conceptoshtml
1422300|exclusivamente, convirtiéndose, informática, apropiado, específico, información, informático, ciberseguridad, independientemente, informáticoshtml
3850850|seguridad, bienvenido, empezaremos, ciberseguridad, herrera, necesitas, encuentra, cibernéticos, encuentras, ciberdelincuenteshtml
2382491|interesados, estudiantes, empezar, ciberataque, herramientas, independientemenete, hacking, cyberseguridad, cyberamenazas, hackershtml
1804902|directivas, experto, operaciones, informática, empresa, aprenderá, introducción, información, conceptos, ingenierohtml
4613200|empleadores, conceptos, últimas, habilidades, trabajo, realizar, finanzas, criptográficos, criptografía, 2022html
4254462|comenzando, conocimiento, seguro, conocerás, mundo, ciberseguridad, necesario, cuentas, herramientas, 100html
2722404|extracción, modelos, science, pandas, matplotlib, características, neuronales, google, biografía, pythonhtml
4835820|educación, requisitos, terminologias, necesarias, ciberseguridad, informáticas, conocimiento, informáticos, cualificados, conocimientoshtml
4039244|acompañamiento, orientación, transformación, autoaprendizaje, prospección, creativo, empleabilidad, intervención, asesoramiento, realizarhtml
3417684|infraestructura, reiniciarlos, trafico, proyecto, balanceadores, conectaremos, respaldos, conocimiento, arquitectura, arquitecturashtml
1694642|artefactos, perfilamiento, trayectoria, configuración, soluciones, certificaciones, autorización, crecimiento, ciberseguridad, ciscohtml
4330118|certificación, supervisado, interesados, covid, trabajo, interesada, barcelona, aprobación, rendimiento, habilidadeshtml
1467808|students, software, popular, class, student, classes, instructor, teaching, professional, programmershtml
3173974|2022, efficient, startups, startup, programmer, learning, javascript, science, bootcamp, teachinghtml
2987082|mastering, valuable, developers, excited, google, algorithms, powerful, javascript, microsoft, masterclasshtml
2121018|studied, understanding, challenging, hashing, helps, skills, instructor, analysed, completing, teachinghtml
1576854|developers, decades, photoshop, facebook, expert, programmers, google, professional, programmer, microsofthtml
325552|animations, refresh, class, science, informative, lectures, learning, algorithms, teaching, tutorialhtml
4748692|enrolling, resume, expertise, multithreading, light, strong, skill, learning, algorithms, efficienthtml
3992134|developer, software, firmware, pro, professional, python, science, javascript, programmers, bootcamphtml
1026276|modern, algorithms, invented, new, feb, strong, biggest, 2011, enhanced, popularhtml
512470|students, interviews, php, engineering, lectures, programmers, class, teaching, programmer, undergraduatehtml
4003804|libraries, students, taught, 1000, priyanka, software, java, instructor, programmer, pythonhtml
111712|learn, compilers, computer, desktop, python, hardware, beginners, teach, programmers, fastesthtml
3153068|live, builds, preprocessors, learners, install, nerdyelectronics, learn, classes, june, 2021html
4868846|preprocessor, master, compile, parser, library, programming, learning, compiler, compilers, programmerhtml
2744780|compete, competitions, efficient, fundamentals, built, fundamental, beginners, best, powerful, championshiphtml
4918318|integration, tested, certification, certified, consultant, certifications, training, mentored, exam, examshtml
4472276|steel, professional, designer, designing, teach, teaches, software, engineer, engineers, tutorialhtml
2614438|popular, coders, build, programming, mother, basic, coding, computer, essential, tutorialshtml
1050374|250, instructor, hours, training, certified, lecture, 23, online, exam, examshtml
4918336|designer, analytics, tested, certified, certification, certifications, consultant, microsoft, exam, examshtml
4405768|absolute, snowflake, build, sql, complete, scientists, completed, bestseller, bootcamp, 2022html
2638042|jvms, programming, industry, java, php, software, mother, python, compilers, javascripthtml
4165158|concrete, timber, modeling, construction, steel, building, software, build, workflow, toolshtml
2614436|playing, coding, recursion, count, dive, courses, strings, learn, library, lectureshtml
3329874|quizzes, instructors, programmer, teaching, challenging, pains, depressing, frustration, frustrated, tutorialshtml
4935358|business, tested, 2208, certification, certified, certifications, consultant, exams, exam, consultantshtml
4890454|experts, certification, certifications, consultant, certified, professional, exams, consultants, exam, accountinghtml
4918344|candidate, installing, certified, tested, certification, certifications, exams, exam, consultant, traininghtml
4885388|tested, certification, workstreams, certifications, tools, managers, manager, exam, exams, consultanthtml
2702362|beginner, students, learn, programming, manually, compiler, library, master, teach, tutorhtml
3579383|winning, university, toolbox, web, online, professor, html5, entrepreneur, javascript, googlehtml
642102|teach, fastest, google, developers, javascript, science, professor, programmers, programmer, trainershtml
1309202|strong, build, quickly, running, runtime, popularity, fast, fastest, javascript, googlehtml
4439140|toronto, apple, ibm, amazon, fastest, latest, facebook, tesla, 2023, googlehtml
3959106|web, encrypt, learn, lectures, bank, database, tests, coding, programming, buildhtml
4376292|practice, skills, goal, learn, developer, hired, popular, computer, programming, teachhtml
1556312|web, linux, twitter, programmers, programmer, facebook, uber, python, javascript, googlehtml
2413006|constantly, sprintf, daily, updating, netflix, 2019, 2020, 2021, 2022, 2023html
3471842|application, design, improving, microservices, test, building, implementing, learn, testing, developmenthtml
2540712|development, courses, integrations, implementing, application, mysql, implemented, build, preparing, cassandradbhtml
2502358|professionals, studying, programmers, memorize, learning, programmer, daily, javascript, literacy, 2022html
1866564|industry, lectures, efficient, companies, software, 21st, ibm, facebook, google, 2007html
4025926|app, hour, coding, built, build, new, cookies, daily, google, javascripthtml
2675686|latest, built, favorite, mastering, library, typing, web, internet, apps, googlehtml
4594428|instructor, learning, trainers, beginners, valuable, developers, teacher, fast, fastest, googlehtml
4871336|speed, pro, github, large, cloning, week, forever, 90, hour, bootcamphtml
2016620|learn, validates, middleware, credentials, postman, build, validation, passwords, password, authenticationhtml
762616|skill, databases, strong, professional, pro, scientists, popular, fastest, sql, microsofthtml
3534372|datatypes, quick, maps, add, quickly, periodically, exercises, drills, mix, reintroductionhtml
4843220|detailed, huge, programming, tools, libraries, typed, library, programmers, typing, googlehtml
2470462|vms, web, dates, tour, logging, server, years, microservices, online, hourshtml
3499600|crosstab, server, parsing, 50, database, hundreds, ctes, databases, postgresql, sqlhtml
3236687|requests, interface, timeouts, applications, client, customizable, libraries, party, library, httphtml
2705848|exercises, playground, professional, refresher, prerequisite, learners, learning, students, tips, tutorialhtml
4750922|office, integration, parsing, xltm, worksheet, streaming, xml, spreadsheet, library, microsofthtml
2027022|github, learning, software, library, 2007, developers, facebook, apps, recipes, googlehtml
924090|servers, manager, fedora, favorite, ubuntu, ninja, supercharge, unix, bootcamp, linuxhtml
745306|app, strong, increasing, google, new, rich, apps, linux, fast, javascripthtml
4332158|skills, learn, performing, developer, master, teach, holistic, handshaking, programmer, professionalhtml
567828|built, lecture, macos, websites, emails, homework, linux, programmer, 2022, pythonhtml
519442|9500, basecamp, january, latest, amazon, boston, javascript, startup, 2020, startupshtml
739512|developer, built, algorithm, decade, sinatra, mathematical, ruby, tutorials, april, 2021html
2519558|software, web, online, wicked_pdf, internet, rich, facebook, google, webpacker, webmasterhtml
2209094|programming, coding, beginners, beginner, learn, learning, teaching, classes, ruby, programmerhtml
2273220|strong, highest, beginner, algorithms, programmers, ruby, efficient, powerful, popular, programmerhtml
3732584|interested, ahead, beginning, slowly, start, help, advanced, programming, learning, rubyhtml
1052118|weekend, latest, ctos, rubygem, tweets, tutorial, rubygems, 2021, tutorials, bootcamphtml
48631|eigenclasses, magical, complicated, months, magic, developers, classes, intimidating, metaprogramming, rubyhtml
979398|best, love, efficient, jedi, strong, ruby, booming, beautiful, expert, hottesthtml
1648160|experience, candidates, helps, beginner, students, programming, ruby, learning, lab, programmershtml
1257948|programming, learning, developer, superhero, app, ruby, web, party, website, appshtml
656522|architecture, hours, completion, mentor, build, developer, algorithms, developers, professional, decadehtml
3941320|software, ecommerce, developers, checkout, ruby, webhooks, upgrades, online, blog, freemiumhtml
4841328|100, web, library, ruby, january, boston, instagram, javascript, html, 2020html
1000010|expert, ruby, professional, basecamp, latest, amazon, monthly, entrepreneurs, 2017, startupshtml
2034646|skills, test, learn, coding, practice, interviews, interview, online, lessons, traininghtml
970922|deep, endless, popular, programmers, big, complex, ruby, huge, powerful, kickstarterhtml
1591772|developer, skillset, ruby, app, popular, web, developers, webpack, apps, javascripthtml
298478|simplify, programming, interactive, coding, learn, beginners, learning, ruby, expert, programmerhtml
1107670|uploading, technology, build, practical, web, authentication, strong, easily, valuable, efficienthtml
8082|famous, easiest, startups, amazon, elegant, software, trendier, popular, ruby, tutorialhtml
134144|websites, developer, online, sqlite, website, html, developers, class, classes, tutorialshtml
937586|tools, app, developer, ruby, developers, workout, web, teaching, apps, browserhtml
369132|automation, coffeescript, developer, classes, learning, wikipedia, mvp, developers, google, appshtml
799938|web, strong, ruby, rewarding, java, 2017, lucrative, popular, python, djangohtml
1297990|tools, class, connectivity, best, developer, comfortable, strong, automation, excel, popularhtml
438970|ruby, strong, web, software, websites, google, apps, popular, instagram, pythonhtml
1793828|learn, dockerizing, google, apps, web, lectures, workflows, learning, workflow, javascripthtml
3956564|2012, chandigarh, 2013, immunization, puducherry, december, clinics, hospitals, july, healthcarehtml
1755264|conducting, certifications, certification, love, requisite, exam, practitioner, instructor, teacher, experthtml
533682|apps, tutorials, bestseller, online, textbooks, android, 2021, masterclass, javafx, 2025html
3740582|internet, workbooks, developer, interactive, strong, automation, competitive, reliable, excited, javahtml
2462140|beginner, software, beginners, class, classes, productive, aptitude, expert, javadoc, javahtml
358540|tremendous, science, passionate, 5000, genius, decade, professional, universities, powerful, mastershtml
827692|class, preview, classes, new, upgrade, semester, programmer, latest, java, 2021html
1656228|expert, academic, programmer, intel, architect, algorithms, library, ibm, plane, jethtml
2691654|teach, ceo, instructors, tutor, teacher, startup, startups, exam, teaching, homeworkhtml
2604248|programming, builds, performant, learning, powerful, beginner, class, classes, java, programmershtml
1453872|joda, constructor, lambda, video, instructor, live, class, prestigious, java, tutorialshtml
911256|thoroughly, nice, java, detailed, strong, love, successful, crisp, easily, lovinghtml
1993718|connectivity, lifecycle, app, informative, learning, web, technologies, teaching, java, networkinghtml
2916558|online, proxies, welcome, powered, java, intelligent, strong, exciting, powerful, popularhtml
354176|canada, skype, teamviewer, latest, log4j, november, resume, lectures, lecture, teachinghtml
529444|minecraft, apps, android, highest, strong, precious, java, expert, fast, popularhtml
3502634|build, latest, online, developer, exam, class, exams, university, apps, javahtml
1789268|speed, highest, latest, developers, python, fortune, fast, java, extensive, masterclasshtml
821986|employers, class, developer, mastering, popular, developers, labs, java, professional, programmerhtml
603778|instructor, labs, strong, enlightening, professional, pros, passionate, professor, helpful, concisehtml
1360780|enrolling, practiced, client, interview, developer, interviews, job, practicing, trainer, hiredhtml
4508390|http, servletcontext, technologies, server, web, html, java, webserver, httpservletresponse, httpservletrequesthtml
1692036|workspace, learn, intellij, constructor, developers, findfirst, build, java8, coding, javahtml
2270218|logical, completeness, classes, possible, overriding, valid, advanced, benefits, pro, stronghtml
4174624|pro, google, tutorial, fastest, tutorials, coaching, techie, java, bootcamp, masterclasshtml
3728112|oracle, tech, popular, enriching, scientific, professionals, java, android, developers, programmershtml
2259748|empower, learned, happy, copyonwritearrayset, copyonwritearraylist, class, simplify, learning, efficient, javahtml
552508|hashsets, learn, programming, hashing, development, theoretical, build, learning, algorithms, javahtml
3803376|quiz, coding, new, constructor, improvements, rethrowing, urlclassloader, class, lectures, javahtml
4153244|website, java, exam, teaching, classcastexceptions, august, exams, april, lecture, 2022html
1301088|packed, strong, new, software, late, easily, java, developers, attractive, engineerhtml
4218796|big, updated, advantages, beginner, students, algorithms, strong, huge, increased, excitedhtml
762616|skill, databases, strong, professional, pro, scientists, popular, fastest, sql, microsofthtml
2554557|instructor, quizzes, library, analyst, instructors, prerequisite, database, analytics, databases, sqlhtml
4742966|modern, absolute, tons, postgresql, hour, complete, hours, databases, expert, sqlhtml
1405632|intelligence, linkedin, big, business, employees, workplace, lucrative, professional, popular, employershtml
549998|sql, 100k, nov, new, oracle, add_months, oct, latest, bootcamp, 2022html
1245422|practicing, refresher, database, lectures, internet, wizard, november, science, sql, 2021html
3733912|effective, oracle, tools, comprehensive, analytics, strong, accurate, popular, fastest, sqlhtml
2422318|server, business, analytics, database, dvd, movies, library, databases, sql, sqlitehtml
3832968|lab, strong, msdb, databases, prerequisite, checkdb, popular, successful, sql, microsofthtml
1005698|database, learning, lessons, server, teach, databases, lectures, sql, microsoft, tutorialshtml
866196|databases, strong, oracle, completed, popular, biggest, sql, hottest, supercharge, 2021html
2120874|biopharm, lecture, weekend, new, skype, masterclass, postgressql, postgresql, november, 2022html
2851942|global, google, sql, tesla, scientists, ibm, sqlite, 2023, startups, microsofthtml
3350954|robust, expanding, crucial, easily, corporate, strong, efficient, sql, sqlite, fastesthtml
1000234|instructors, expert, lectures, teaching, quizzes, youtube, oracle, databases, 2022, sqlhtml
4015018|concise, extensive, snowflake, google, facebook, databases, marketable, sql, microsoft, netflixhtml
570072|installing, server, marketable, software, engineering, database, learning, updating, databases, sqlhtml
203556|google, server, resume, quizzes, facebook, postgresql, lectures, teaching, interview, sqlhtml
1312466|updates, exam, sql, oracle, jun, sep, new, oct, latest, 2022html
3493498|amazon, oracle, dynamodb, filemaker, 2017, ibm, databases, microsoft, sql, sqlitehtml
4824890|skill, learning, quickly, strong, pro, scientists, popular, sql, fastest, microsofthtml
4426742|programming, study, instruction, test, analyst, learning, lectures, scientist, sql, teachinghtml
1036342|online, analyst, tools, science, scientist, analytics, database, scientists, databases, sqlhtml
1756916|learned, ambitious, career, learning, job, business, developer, troubleshooting, sql, professionalhtml
2967048|tools, consulting, databases, instructor, workbench, analytics, updating, instructors, sql, teachinghtml
3528924|html
470406|constructs, developer, programming, runtime, database, learn, softwares, oracle, weeks, sqlhtml
432224|2019, popular, learning, 2020, successful, graph, practicing, neo4j, 2022, graphdbhtml
1734696|analytics, databases, developers, training, class, engineering, classes, architects, microsoft, labhtml
3719214|developers, mongodb, instructors, learning, updating, apps, training, teaching, programmers, javascripthtml
1241148|available, macos, easy, linux, strong, couchdb, couchbase, brilliant, web, excitinghtml
1503118|detailed, databases, fastest, learning, popular, informative, efficient, sql, sqlite, experthtml
3807344|job, jobs, compulsion, industry, shortage, companies, developer, professionals, developers, corporationshtml
2719580|developers, high, concise, strong, python, beginner, beginners, big, easily, popularityhtml
1508164|enjoying, learn, strong, awesome, loved, concise, instructor, learning, cheers, knowledgeablehtml
1625530|mastered, new, apache, latest, online, accelerator, javascript, google, dynamodb, amazonhtml
625204|cats, apps, cookies, unix, flexbox, online, javascript, html5, 2022, bootcamphtml
4782576|tools, computer, tests, database, server, interview, online, 340, exam, examshtml
523788|mongodb, quickly, speed, fun, ebay, web, craigslist, sql, huge, popularhtml
1879018|love, prerequisites, javascript, comprehensive, advanced, upload, high, strong, latest, popularhtml
1565838|online, internet, web3, 2023, html, javascript, startup, google, netflix, bootcamphtml
4349894|databases, professionalism, strong, large, science, scientist, sql, powerful, sqlite, pythonhtml
3616978|facebook, javascript, python, spacex, tesla, 2023, startup, google, bootcamp, startupshtml
922484|mapbox, learning, curated, installing, email, developer, debugging, instructor, manager, teacherhtml
4219874|successfully, scientists, django, proficient, compelling, fast, strong, updating, thorough, popularhtml
770306|hbase, introduction, apis, tools, architecture, built, integration, apache, database, javahtml
621022|fun, web, html, textbook, popular, thehottest, programmingplatform, tutorial, javascript, usingmongodbhtml
1921420|beanstalk, feb, exam, july, april, exams, 2019, 2020, 2021, 2022html
4422594|working, test, software, tests, job, web, interview, interviews, linux, datawarehousehtml
3361524|debugging, modern, 10, backend, build, developer, party, 2018, new, 2020html
864348|replica, new, latest, build, working, mongodb, web, installing, learn, phphtml
2640372|upload, nodejs, technologies, hosting, build, web, built, popular, apps, bestsellinghtml
461160|hard, robust, developers, apps, highest, high, science, strong, biggest, javascripthtml
2691654|teach, ceo, instructors, tutor, teacher, startup, startups, exam, teaching, homeworkhtml
3827154|250, amazing, packed, renowned, success, 2020, strong, successful, fastest, googlehtml
996228|engineering, python, big, marketable, google, popular, intimidating, tutorial, zookeeper, ibmhtml
4015622|huge, facebook, html, apps, rich, browser, party, javascript, google, bootcamphtml
